location,source
PLANT_NOTES_108,{Choking Scent}
PLANT_NOTES_109,{Flowers Once}
PLANT_NOTES_110,{Infectious Spores}
PLANT_NOTES_111,{Hive Mind}
PLANT_NOTES_112,{Extraterrestrial}
PLANT_NOTES_113,{Migratory}
PLANT_NOTES_114,{Perennial}
PLANT_NOTES_115,{Self-Propagating}
PLANT_NOTES_116,{Rapid Reproduction}
PLANT_NOTES_117,{Self-Replicating}
PLANT_NOTES_118,{Slow Growing}
PLANT_NOTES_119,{Fragile Stems}
PLANT_NOTES_120,{Delicate Flowers}
PLANT_NOTES_121,{Paralysing Spores}
PLANT_NOTES_122,{Neurotoxic Pollen}
PLANT_NOTES_123,{Oily Seeds}
PLANT_NOTES_124,{Stinging Fruit}
PLANT_NOTES_125,{Crimson Seeds}
PLANT_NOTES_126,{Fireproof Nuts}
PLANT_NOTES_127,{Crystalline Flowers}
PLANT_NOTES_128,{Shadow Petals}
PLANT_NOTES_129,{Combustible Fruit}
PLANT_NOTES_130,{Glasslike Seeds}
PLANT_NOTES_131,{Fragile Bulbs}
PLANT_NOTES_132,{Mouldy Bulbs}
PLANT_NOTES_133,{Semi-Liquid Bulbs}
PLANT_NOTES_134,{Luminous Bulbs}
PLANT_NOTES_135,{Glowing Tubers}
PLANT_NOTES_136,{Spreading Tubers}
PLANT_NOTES_137,{Toxic Thorns}
PLANT_NOTES_138,{Launchable Thorns}
PLANT_NOTES_139,{Invisible Bristles}
PLANT_NOTES_140,{Internal Branches}
MINERAL_FORMATION_1,{Soil Compaction}
MINERAL_FORMATION_2,{Water Transport}
MINERAL_FORMATION_3,{Atmospheric Metal}
MINERAL_FORMATION_4,{Plant Deposits}
MINERAL_FORMATION_5,{Living Stone}
MINERAL_FORMATION_6,{Evaporation}
MINERAL_FORMATION_7,{Wind Erosion}
MINERAL_FORMATION_8,{Gravitational}
MINERAL_FORMATION_9,{Volcanic}
MINERAL_FORMATION_10,{High-Pressure}
MINERAL_FORMATION_11,{Gas Humidity}
MINERAL_FORMATION_12,{Sublimation}
MINERAL_FORMATION_13,{Calcified Fauna}
MINERAL_FORMATION_14,{Salt Bonding}
MINERAL_FORMATION_15,{Low Energy Reaction}
MINERAL_FORMATION_16,{Magnetic Attraction}
MINERAL_FORMATION_17,{Reductive Boiling}
MINERAL_FORMATION_18,{Salt Baked}
MINERAL_FORMATION_19,{Soil Amalgamation}
MINERAL_FORMATION_20,{Ancient Tidal Erosion}
MINERAL_FORMATION_21,{Metamorphic}
MINERAL_FORMATION_22,{Polymerisation}
MINERAL_FORMATION_23,{Coalescence}
MINERAL_FORMATION_24,{Slow Drips}
MINERAL_FORMATION_25,{Photonic}
MINERAL_FORMATION_26,{Ground up Shells}
MINERAL_FORMATION_27,{Old Bones}
MINERAL_FORMATION_28,{Tectonic}
MINERAL_FORMATION_29,{Spontaneous}
MINERAL_FORMATION_30,{Calcium Secretion}
MINERAL_FORMATION_31,{Hydrothermal}
MINERAL_FORMATION_32,{Vented Minerals}
MINERAL_FORMATION_33,{Explosive Magma}
MINERAL_FORMATION_34,{Pyroclastic}
MINERAL_FORMATION_35,{Jet Pressure}
MINERAL_FORMATION_36,{Gas Bubbles}
MINERAL_FORMATION_37,{Diagenesis}
MINERAL_FORMATION_38,{Metal Vapour}
MINERAL_FORMATION_39,{Ammonia Groundwater}
MINERAL_FORMATION_40,{Lithification}
MINERAL_FORMATION_41,{Cementation}
MINERAL_FORMATION_42,{Bedrock Expulsion}
MINERAL_FORMATION_43,{Petrifaction}
MINERAL_FORMATION_44,{Fossilisation}
MINERAL_FORMATION_45,{Sedimentation}
MINERAL_FORMATION_46,{Celestial}
MINERAL_FORMATION_47,{Meteorite Impact}
MINERAL_FORMATION_48,{Localised Black Hole}
MINERAL_FORMATION_49,{Comet Fragment}
MINERAL_FORMATION_50,{Animal Deposits}
MINERAL_NOTES_1,{Extreme Salt Content}
MINERAL_NOTES_2,{High Surface Temperature}
MINERAL_NOTES_3,{Audiophobic}
MINERAL_NOTES_4,{Hydrophobic}
MINERAL_NOTES_5,{Liquid Centre}
MINERAL_NOTES_6,{Slow Moving}
MINERAL_NOTES_7,{High Viscosity}
MINERAL_NOTES_8,{Molten Core}
MINERAL_NOTES_9,{Frozen in Time}
MINERAL_NOTES_10,{Fragile Crust}
MINERAL_NOTES_11,{Molten Core}
MINERAL_NOTES_12,{Toxic Dust}
MINERAL_NOTES_13,{Ancient}
MINERAL_NOTES_14,{Slow-Forming}
MINERAL_NOTES_15,{Unnaturally Sculpted}
MINERAL_NOTES_16,{Radioactive}
MINERAL_NOTES_17,{Shatter Resistant}
MINERAL_NOTES_18,{Porous}
MINERAL_NOTES_19,{Unusually Soft}
MINERAL_NOTES_20,{Strong Odour}
MINERAL_NOTES_21,{Sulphurous}
MINERAL_NOTES_22,{Faintly Luminous}
MINERAL_NOTES_23,{Hard Wearing}
MINERAL_NOTES_24,{High Density}
MINERAL_NOTES_25,{Buoyant}
MINERAL_NOTES_26,{Silicate}
MINERAL_NOTES_27,{Extrusive}
MINERAL_NOTES_28,{Abrasive}
MINERAL_NOTES_29,{Pyroclastic}
MINERAL_NOTES_30,{Feldspar}
MINERAL_NOTES_31,{Quasi-Ferrous}
MINERAL_NOTES_32,{Igneous}
MINERAL_NOTES_33,{Exfoliating}
MINERAL_NOTES_34,{High Phosphate}
MINERAL_NOTES_35,{Low Specific Gravity}
MINERAL_NOTES_36,{Superconductive}
MINERAL_NOTES_37,{Quantum Instability}
MINERAL_NOTES_38,{Vacuum Core}
MINERAL_NOTES_39,{Musical When Struck}
MINERAL_NOTES_40,{Inedible}
MINERAL_NOTES_41,{Soft}
MINERAL_NOTES_42,{Unexpectedly Buoyant}
MINERAL_NOTES_43,{Elastic}
MINERAL_NOTES_44,{Biologically Active}
MINERAL_NOTES_45,{Parasite Host}
MINERAL_NOTES_46,{Polyp Colony}
MINERAL_NOTES_47,{Partially Invisible}
MINERAL_NOTES_48,{Quartz Core}
MINERAL_NOTES_49,{Complex Crystals}
MINERAL_NOTES_50,{Electromagnetic}
MINERAL_NOTES_51,{Gravitational Bonds}
MINERAL_NOTES_52,{Potentially Synthetic}
MINERAL_NOTES_53,{Infested}
MINERAL_NOTES_54,{Mimic}
MINERAL_NOTES_55,{Inert}
MINERAL_NOTES_56,{Eroded}
MINERAL_NOTES_57,{Durable}
MINERAL_NOTES_58,{Geode Rich}
MINERAL_NOTES_59,{Conductive}
MINERAL_NOTES_60,{Recently Formed}
MINERAL_NOTES_61,{Industrially Valuable}
MINERAL_NOTES_62,{Bonelike}
MINERAL_NOTES_63,{Water Resistant}
MINERAL_NOTES_64,{Oily Coating}
MINERAL_NOTES_65,{Artificial}
MINERAL_NOTES_66,{Misleading Structure}
MINERAL_NOTES_67,{Potentially Explosive}
MINERAL_NOTES_68,{Multi-Layered}
MINERAL_NOTES_70,{Contains Dark Matter}
MINERAL_NOTES_69,{Contains Water}
MINERAL_NOTES_71,{Contains Organic Matter}
MINERAL_NOTES_72,{Faint Life Signs}
MINERAL_NOTES_73,{Moss Habitat}
MINERAL_NOTES_74,{Frozen Centre}
MINERAL_NOTES_75,{Melts Easily}
MINERAL_NOTES_76,{Powerful Heat Source}
MINERAL_NOTES_77,{Mollusc Habitat}
MINERAL_NOTES_78,{Nutrient Rich}
MINERAL_NOTES_79,{Yeast Colony}
MINERAL_NOTES_80,{Proto Cellular Structure}
SENTINEL_STATE_HEADER,{Status}
SENTINEL_MISSION_HEADER,{Function}
SENTINEL_ROUTINE_HEADER,{Current Subroutine}
SENTINEL_DIRECTIVE_HEADER,{Directive}
SENTINEL_STATE_INVESTIGATE_1,{Investigating...}
SENTINEL_STATE_INVESTIGATE_2,{Searching...}
SENTINEL_STATE_INVESTIGATE_3,{Inspecting...}
SENTINEL_STATE_INVESTIGATE_4,{Scanning...}
SENTINEL_STATE_INVESTIGATE_5,{Auditing...}
SENTINEL_STATE_INVESTIGATE_6,{Probing...}
SENTINEL_STATE_INVESTIGATE_7,{Reviewing...}
SENTINEL_STATE_INVESTIGATE_8,{Analysing...}
SENTINEL_STATE_INVESTIGATE_9,{Studying...}
SENTINEL_STATE_INVESTIGATE_10,{Anomaly Detected...}
SENTINEL_STATE_INVESTIGATE_11,{Detecting Breach...}
SENTINEL_STATE_INVESTIGATE_12,{Oversight Initiated...}
SENTINEL_STATE_INVESTIGATE_13,{Observing...}
SENTINEL_STATE_INVESTIGATE_14,{Irregularity Detected...}
SENTINEL_STATE_INVESTIGATE_15,{Analysis Required...}
SENTINEL_STATE_INVESTIGATE_16,{Sensors Deployed...}
SENTINEL_STATE_PATROL_1,{Patrolling...}
SENTINEL_STATE_PATROL_2,{Uploading Report...}
SENTINEL_STATE_PATROL_3,{Cruising...}
SENTINEL_STATE_PATROL_4,{Watchful...}
SENTINEL_STATE_PATROL_5,{Registering Activity...}
SENTINEL_STATE_PATROL_6,{Sensors Ready...}
SENTINEL_STATE_PATROL_7,{Patrolling...}
SENTINEL_STATE_PATROL_8,{Patrolling...}
SENTINEL_STATE_PATROL_9,{Patrolling...}
SENTINEL_STATE_PATROL_10,{Low Power Mode}
SENTINEL_STATE_PATROL_11,{Recharging}
SENTINEL_STATE_PATROL_12,{Reconnecting...}
SENTINEL_STATE_PATROL_13,{Processing...}
SENTINEL_STATE_PATROL_14,{Optimising...}
SENTINEL_STATE_PATROL_15,{Awaiting Orders...}
SENTINEL_STATE_ALERT_1,{High Alert}
SENTINEL_STATE_ALERT_2,{Combat}
SENTINEL_STATE_ALERT_3,{Requesting Assistance}
SENTINEL_STATE_ALERT_4,{Engaging}
SENTINEL_STATE_ALERT_5,{Targeting}
SENTINEL_STATE_ALERT_6,{Target Acquired}
SENTINEL_STATE_ALERT_7,{Repairing Breach}
SENTINEL_STATE_ALERT_8,{Repairing Anomaly}
SENTINEL_STATE_ALERT_9,{Cleansing Anomaly}
SENTINEL_STATE_ALERT_10,{BREACHED}
SENTINEL_STATE_ALERT_11,{Combat}
SENTINEL_STATE_ALERT_12,{Weapons Deployed}
SENTINEL_STATE_ALERT_13,{Targeting}
SENTINEL_STATE_ALERT_14,{Combat}
SENTINEL_STATE_ALERT_15,{High Alert}
SENTINEL_MISSION_GUARD_1,{Guard Duty}
SENTINEL_MISSION_GUARD_2,{Security}
SENTINEL_MISSION_GUARD_3,{Local Defence}
SENTINEL_MISSION_GUARD_4,{Active Defence}
SENTINEL_MISSION_GUARD_5,{Escort}
SENTINEL_MISSION_GUARD_6,{Localised Suppression}
SENTINEL_MISSION_GUARD_7,{Sentry}
SENTINEL_MISSION_GUARD_8,{Active Protection}
SENTINEL_MISSION_GUARD_9,{Guardian}
SENTINEL_MISSION_GUARD_10,{Active Oversight}
SENTINEL_MISSION_GUARD_11,{Local Overwatch}
SENTINEL_MISSION_GUARD_12,{Active Protection}
SENTINEL_MISSION_GUARD_13,{Area Defence}
SENTINEL_MISSION_GUARD_14,{Specific Patrol}
SENTINEL_MISSION_GUARD_15,{Anomaly Buffer}
SENTINEL_MISSION_PATROL_1,{Ambient Protection}
SENTINEL_MISSION_PATROL_2,{Active Patrol}
SENTINEL_MISSION_PATROL_3,{Anomaly Suppression}
SENTINEL_MISSION_PATROL_4,{Intelligence Suppression}
SENTINEL_MISSION_PATROL_5,{Field Scout}
SENTINEL_MISSION_PATROL_6,{Anomaly Hunt}
SENTINEL_MISSION_PATROL_7,{Area Suppression}
SENTINEL_MISSION_PATROL_8,{Boundary Protection}
SENTINEL_MISSION_PATROL_9,{Boundary Enforcement}
SENTINEL_MISSION_PATROL_10,{Breach Detection}
SENTINEL_MISSION_PATROL_11,{Anomaly Ward}
SENTINEL_MISSION_PATROL_12,{Passive Enforcement}
SENTINEL_MISSION_PATROL_13,{Oversight Patrol}
SENTINEL_MISSION_PATROL_14,{Ambient Protection}
SENTINEL_MISSION_PATROL_15,{Mobile Aegis}
SENTINEL_MISSION_SUPPORT_1,{Support Unit}
SENTINEL_MISSION_SUPPORT_2,{Rapid Response}
SENTINEL_MISSION_SUPPORT_3,{Active Suppression}
SENTINEL_MISSION_SUPPORT_4,{Anomaly Destruction}
SENTINEL_MISSION_SUPPORT_5,{Combat Support}
SENTINEL_MISSION_SUPPORT_6,{Breach Repair}
SENTINEL_MISSION_SUPPORT_7,{Anomaly Repair}
SENTINEL_MISSION_SUPPORT_8,{De-escalation}
SENTINEL_MISSION_SUPPORT_9,{Counter Attack}
SENTINEL_MISSION_SUPPORT_10,{Advanced Combat}
SENTINEL_MISSION_SUPPORT_11,{Retaliation}
SENTINEL_MISSION_SUPPORT_12,{Rapid Suppression}
SENTINEL_MISSION_SUPPORT_13,{Retribution}
SENTINEL_MISSION_SUPPORT_14,{Anomaly Neutralisation}
SENTINEL_MISSION_SUPPORT_15,{Sentience Destruction}
SENTINEL_ROUTINE_INVESTIGATE_1,{[ Lifeform Search ]}
SENTINEL_ROUTINE_INVESTIGATE_2,{[ Anomaly Detection ]}
SENTINEL_ROUTINE_INVESTIGATE_3,{[ Event Processing ]}
SENTINEL_ROUTINE_INVESTIGATE_4,{[ Trend Analysis ]}
SENTINEL_ROUTINE_INVESTIGATE_5,{[ Boundary Test ]}
SENTINEL_ROUTINE_INVESTIGATE_6,{[ Waveform Analysis ]}
SENTINEL_ROUTINE_INVESTIGATE_7,{[ Preparing Alarm ]}
SENTINEL_ROUTINE_INVESTIGATE_8,{[ Depth Testing ]}
SENTINEL_ROUTINE_INVESTIGATE_9,{[ Temporal Analysis ]}
SENTINEL_ROUTINE_INVESTIGATE_10,{[ Boundary Reinforcement ]}
SENTINEL_ROUTINE_INVESTIGATE_11,{[ Safeguard Deployment ]}
SENTINEL_ROUTINE_INVESTIGATE_12,{[ Ocular Testing ]}
SENTINEL_ROUTINE_INVESTIGATE_13,{[ Low Frequency Ping ]}
SENTINEL_ROUTINE_INVESTIGATE_14,{[ Probability Sort ]}
SENTINEL_ROUTINE_INVESTIGATE_15,{[ Data Siphon ]}
SENTINEL_ROUTINE_PATROL_1,{[ Patrol ]}
SENTINEL_ROUTINE_PATROL_2,{[ Idle ]}
SENTINEL_ROUTINE_PATROL_3,{[ Route Optimisation ]}
SENTINEL_ROUTINE_PATROL_4,{[ Path Optimisation ]}
SENTINEL_ROUTINE_PATROL_5,{[ Kinetic Recovery ]}
SENTINEL_ROUTINE_PATROL_6,{[ Self-Analysis ]}
SENTINEL_ROUTINE_PATROL_7,{[ Background Diagnostics ]}
SENTINEL_ROUTINE_PATROL_8,{[ Fuel Cell Cleaning ]}
SENTINEL_ROUTINE_PATROL_9,{[ Defragmenting ]}
SENTINEL_ROUTINE_PATROL_10,{[ Long-Distance Scanner ]}
SENTINEL_ROUTINE_PATROL_11,{[ Short-Range Scanner ]}
SENTINEL_ROUTINE_PATROL_12,{[ Portal Detection ]}
SENTINEL_ROUTINE_PATROL_13,{[ Patrol Iteration ]}
SENTINEL_ROUTINE_PATROL_14,{[ Distributed Analysis ]}
SENTINEL_ROUTINE_PATROL_15,{[ ... /// .. /// ... /// ... ]}
SENTINEL_ROUTINE_ALERT_1,{[ Weapon Deployment ]}
SENTINEL_ROUTINE_ALERT_2,{[ Active Pursuit ]}
SENTINEL_ROUTINE_ALERT_3,{[ Signalling Reinforcements ]}
SENTINEL_ROUTINE_ALERT_4,{[ Preemptive Destruction ]}
SENTINEL_ROUTINE_ALERT_5,{[ Target Prediction ]}
SENTINEL_ROUTINE_ALERT_6,{[ Ammo Fabrication ]}
SENTINEL_ROUTINE_ALERT_7,{[ Field Suppression ]}
SENTINEL_ROUTINE_ALERT_8,{[ Trend Analysis ]}
SENTINEL_ROUTINE_ALERT_9,{[ Seal Breach ]}
SENTINEL_ROUTINE_ALERT_10,{[ Anomaly Repair ]}
SENTINEL_ROUTINE_ALERT_11,{[ RED RED RED ]}
SENTINEL_ROUTINE_ALERT_12,{[ A T L A S ]}
SENTINEL_ROUTINE_ALERT_13,{[ Firing Eye ]}
SENTINEL_ROUTINE_ALERT_14,{[ Hardpoint Repair ]}
SENTINEL_ROUTINE_ALERT_15,{[ Hunting ]}
SENTINEL_DIRECTIVE_1,{Civilisation Destruction}
SENTINEL_DIRECTIVE_2,{Suppress Sentience}
SENTINEL_DIRECTIVE_3,{Locate Beauty}
SENTINEL_DIRECTIVE_4,{Portal Deletion}
SENTINEL_DIRECTIVE_5,{Lifeform Immobilisation}
SENTINEL_DIRECTIVE_6,{Civilisation Delay}
SENTINEL_DIRECTIVE_7,{Sow Division}
SENTINEL_DIRECTIVE_8,{Harvest Data}
SENTINEL_DIRECTIVE_9,{Observe All}
SENTINEL_DIRECTIVE_10,{Replicate Sentinels}
SENTINEL_DIRECTIVE_11,{Sanitisation}
SENTINEL_DIRECTIVE_12,{Spread Decay}
SENTINEL_DIRECTIVE_13,{Reinforce Boundaries}
SENTINEL_DIRECTIVE_14,{Traveller Detection}
SENTINEL_DIRECTIVE_15,{Sow Discord}
SENTINEL_DIRECTIVE_16,{Prevent Sentience}
SENTINEL_DIRECTIVE_17,{Predator Suppression}
SENTINEL_DIRECTIVE_18,{Herbivore Protection}
SENTINEL_DIRECTIVE_19,{Mineral Protection}
SENTINEL_DIRECTIVE_20,{Botanical Protection}
SENTINEL_DIRECTIVE_21,{Specimen Collection}
SENTINEL_DIRECTIVE_22,{Specimen Preservation}
SENTINEL_DIRECTIVE_23,{Data Harvest}
SENTINEL_DIRECTIVE_24,{Surveillance}
SENTINEL_DIRECTIVE_25,{Lifeform Supervision}
SENTINEL_DIRECTIVE_26,{Sentience Degradation}
SENTINEL_DIRECTIVE_27,{Delta Wave Detection}
SENTINEL_DIRECTIVE_28,{Memory Protection}
SENTINEL_DIRECTIVE_29,{Encryption Block}
SENTINEL_DIRECTIVE_30,{Load Balancing}
SENTINEL_DIRECTIVE_31,{Null Checker}
SENTINEL_DIRECTIVE_32,{Innocence Preservation}
SENTINEL_DIRECTIVE_33,{Universal Detranslation}
SENTINEL_DIRECTIVE_34,{Digital Cartography}
SENTINEL_DIRECTIVE_35,{Leyline Mapping}
SENTINEL_DIRECTIVE_36,{Calculate Probabilities}
SENTINEL_DIRECTIVE_37,{Sacrifice to Atlas}
SENTINEL_DIRECTIVE_38,{Authenticate Threats}
SENTINEL_DIRECTIVE_39,{Anomaly Spoofing}
SENTINEL_DIRECTIVE_40,{Data Interception}
SENTINEL_DRONE_NAME,{Sentinel Drone}
SENTINEL_QUAD_NAME,{Sentinel Quad}
SENTINEL_WALKER_NAME,{Sentinel Walker}
FREIGHTER_NAME_1,{MS Star of %PROCNAME%}
FREIGHTER_NAME_2,{MV Pride of %PROCNAME%}
FREIGHTER_NAME_3,{Wreck of the %PROCNAME%}
FREIGHTER_NAME_4,{Remains of the SS %PROCNAME%}
FREIGHTER_NAME_5,{%PROCNAME% Tanker Wreckage}
FREIGHTER_NAME_6,{%PROCNAME% Shuttle Remains}
FREIGHTER_NAME_7,{SV Emperor %PROCNAME%}
FREIGHTER_NAME_8,{MV %PROCNAME% Hauler}
FREIGHTER_NAME_9,{MS %PROCNAME% Spirit}
FREIGHTER_NAME_10,{Unidentified Wreck}
FREIGHTER_NAME_11,{Unsalvageable Wreck}
FREIGHTER_NAME_12,{Rusted Freighter Wreckage}
FREIGHTER_NAME_13,{Hull of the %PROCNAME% IV}
FREIGHTER_NAME_14,{Wreck of the %PROCNAME% VI}
FREIGHTER_NAME_15,{MV Bulk of %PROCNAME%}
FREIGHTER_NAME_16,{MS Invincible %PROCNAME%}
FREIGHTER_NAME_17,{SV Glory of %PROCNAME%}
FREIGHTER_NAME_18,{The %PROCNAME% Explorer}
FREIGHTER_NAME_19,{Lost Freighter Wreckage}
FREIGHTER_NAME_20,{Wreck of MS %PROCNAME%'s Vision}
FREIGHTER_NAME_21,{Unknown Doomed Freighter}
FREIGHTER_NAME_22,{Wreck of the SV %PROCNAME% III}
FREIGHTER_NAME_23,{Hull of the MV %PROCNAME% IX}
FREIGHTER_NAME_24,{Remains of the MS %PROCNAME% II}
FREIGHTER_NAME_25,{Log from the Sea of %PROCNAME%}
FREIGHTER_NAME_26,{Log of the %PROCNAME% Hauler}
FREIGHTER_NAME_27,"{Damaged Log, SS %PROCNAME%}"
FREIGHTER_NAME_28,{MV Winds of %PROCNAME%}
FREIGHTER_NAME_29,{MV Graceful %PROCNAME%}
FREIGHTER_NAME_30,{Wreck of the MS %PROCNAME% VII}
GLITCH_NAME_1,{BREACH // Label: '%PROCNAME%'}
GLITCH_NAME_2,{ANOMALY // Label: '%PROCNAME%'}
GLITCH_NAME_3,{BOUNDS LOSS // Label: '%PROCNAME%'}
GLITCH_NAME_4,{FAILURE // Label: '%PROCNAME%'}
GLITCH_NAME_5,{REPAIR NEEDED // Label: '%PROCNAME%'}
GLITCH_NAME_6,{DATA ERROR // Label: '%PROCNAME%'}
GLITCH_NAME_7,{DATA CORRUPT // Label: '%PROCNAME%'}
GLITCH_NAME_8,{REPEAT BREACH  // Label: '%PROCNAME%'}
GLITCH_NAME_9,{ROGUE DATA // Label: '%PROCNAME%'}
GLITCH_NAME_10,{UNEXPLAINED // Label: '%PROCNAME%'}
CAVEGRAVE_NAME_1,{Grave of %PROCNAME%}
CAVEGRAVE_NAME_2,{%PROCNAME%'s End}
CAVEGRAVE_NAME_3,{%PROCNAME%'s Termination}
CAVEGRAVE_NAME_4,{%PROCNAME%'s Boundary}
CAVEGRAVE_NAME_5,{Failure of %PROCNAME%}
CAVEGRAVE_NAME_6,{%PROCNAME%'s Regeneration}
CAVEGRAVE_NAME_7,"{%PROCNAME%, Iteration %SERIALNUM%}"
CAVEGRAVE_NAME_8,"{%PROCNAME%, Generation %SERIALNUM%}"
CAVEGRAVE_NAME_9,"{%PROCNAME%, Version %SERIALNUM%}"
CAVEGRAVE_NAME_10,{%PROCNAME%'s Final Log}
GLITCHBIOME1,{Crimson %PLANETCLASS%}
GLITCHBIOME2,{Planetary Anomaly}
GLITCHBIOME3,{Malfunctioning %PLANETCLASS%}
GLITCHBIOME4,{Breached %PLANETCLASS%}
GLITCHBIOME5,{Infected %PLANETCLASS%}
GLITCHBIOME6,{[REDACTED] %PLANETCLASS%}
GLITCHBIOME7,{Glassy %PLANETCLASS%}
GLITCHBIOME8,{Thirsty %PLANETCLASS%}
GLITCHBIOME9,{Doomed %PLANETCLASS%}
GLITCHBIOME10,{Erased %PLANETCLASS%}
GLITCHBIOME11,{Temporary %PLANETCLASS%}
GLITCHBIOME12,{Corrupted %PLANETCLASS%}
WEATHER_GLITCH1,{Invisible Mist}
WEATHER_GLITCH2,{Internal Rain}
WEATHER_GLITCH3,{Lost Clouds}
WEATHER_GLITCH4,{Crimson Heat}
WEATHER_GLITCH5,{Winds of Glass}
WEATHER_GLITCH6,{Thirsty Clouds}
WEATHER_GLITCH7,{Obsidian Heat}
WEATHER_GLITCH8,{Memories of Frost}
WEATHER_GLITCH9,{Haunted Frost}
WEATHER_GLITCH10,{Indetectable Burning}
WEATHER_GLITCH11,{[REDACTED]}
WEATHER_GLITCH12,{Anomalous}
WEATHER_RED1,{Burning Crimson}
WEATHER_RED2,{Scarlet Rain}
WEATHER_RED3,{Fevered Clouds}
WEATHER_RED4,{Carmine Winds}
WEATHER_RED5,{Red Mist}
WEATHER_RED6,{Flaming Hail}
WEATHER_RED7,{Vermillion Storms}
WEATHER_RED8,{Rain of Atlas}
WEATHER_RED9,{Angered Clouds}
WEATHER_RED10,{Blood Rain}
WEATHER_GREEN1,{Bilious Storms}
WEATHER_GREEN2,{Deadly Pressure Variations}
WEATHER_GREEN3,{Harsh Toxic Wind}
WEATHER_GREEN4,{Corrupted Blood}
WEATHER_GREEN5,{Infinite Toxic Mist}
WEATHER_GREEN6,{Echoes of Acid}
WEATHER_GREEN7,{Poison Cyclones}
WEATHER_GREEN8,{Inescapable Toxins}
WEATHER_GREEN9,{Clouds of Haunted Green}
WEATHER_GREEN10,{Invisible Jade Winds}
WEATHER_BLUE1,{Frozen Mists}
WEATHER_BLUE2,{Electric Rain}
WEATHER_BLUE3,{Azure Storms}
WEATHER_BLUE4,{Extreme Low Pressure}
WEATHER_BLUE5,{All-Consuming Cold}
WEATHER_BLUE6,{Winds from Beyond}
WEATHER_BLUE7,{Unfathomable Storms}
WEATHER_BLUE8,{Unimaginable Blue}
WEATHER_BLUE9,{Ultramarine Wind}
WEATHER_BLUE10,{Inverted Superstorms}
ITEMGEN_FORMAT_LOOT_1,{%LOOTCONT% of %LOOTADJ% %LOOTNOUN%}
ITEMGEN_FORMAT_LOOT_2,{%LOOTADJ% %LOOTNOUN%}
ITEMGEN_FORMAT_DOC_1,{%HISTADJ% %HISTNOUN%}
ITEMGEN_FORMAT_DOC_2,{%HISTADJ% %HISTNOUN%}
ITEMGEN_FORMAT_BIO_1,{%BIOCONT% of %BIOADJ% %BIONOUN%}
ITEMGEN_FORMAT_BIO_2,{%BIOADJ% %BIONOUN%}
ITEMGEN_FORMAT_FOSSIL_1,{%FOSSILADJ% %FOSSILANIMAL% %FOSSILPART%}
ITEMGEN_FORMAT_FOSSIL_2,{%FOSSILADJ% %FOSSILANIMAL% %FOSSILPART%}
ITEMGEN_FORMAT_PLANT_1,{%PLANTBOX% %PLANTPART1%%PLANTPART2% %PLANTNOUN%}
ITEMGEN_FORMAT_PLANT_2,{%PLANTPART1%%PLANTPART2% %PLANTNOUN%}
ITEMGEN_FORMAT_TOOL_1,{%TOOLADJ% %TOOLUSE% %TOOLNOUN%}
ITEMGEN_FORMAT_TOOL_2,{%TOOLADJ% %TOOLUSE% %TOOLNOUN%}
ITEMGEN_PLANT_MODERN,"{A genetically engineered plant, ready for propagation. Sample appears to have <VAL_ON>%AGE%<> mutated genes. Root Structure: %ROOTS% Nutrient Source: %FOOD% Notes: %NOTES%}"
ITEMGEN_LOOT_CONT_1,{Crate}
ITEMGEN_LOOT_CONT_2,{Box}
ITEMGEN_LOOT_CONT_3,{Jumble}
ITEMGEN_LOOT_CONT_4,{Sarcophagus}
ITEMGEN_LOOT_CONT_5,{Chest}
ITEMGEN_LOOT_CONT_6,{Barrel}
ITEMGEN_LOOT_CONT_7,{Case}
ITEMGEN_LOOT_CONT_8,{Package}
ITEMGEN_LOOT_CONT_9,{Bushel}
ITEMGEN_LOOT_CONT_10,{Trunk}
ITEMGEN_LOOT_CONT_11,{Bundle}
ITEMGEN_LOOT_CONT_12,{Assortment}
ITEMGEN_LOOT_CONT_13,{Pallet}
ITEMGEN_LOOT_CONT_14,{Crate}
ITEMGEN_LOOT_CONT_15,{Chest}
ITEMGEN_LOOT_CONT_16,{Trunk}
ITEMGEN_LOOT_CONT_17,{Case}
ITEMGEN_LOOT_CONT_18,{Packet}
ITEMGEN_LOOT_CONT_19,{Collection}
ITEMGEN_LOOT_CONT_20,{Trove}
ITEMGEN_LOOT_CONT_21,{Pile}
ITEMGEN_LOOT_CONT_22,{Parcel}
ITEMGEN_LOOT_CONT_23,{Hoard}
ITEMGEN_LOOT_CONT_24,{Crate}
ITEMGEN_LOOT_CONT_25,{Box}
ITEMGEN_LOOT_CONT_26,{Crate}
ITEMGEN_LOOT_CONT_27,{Chest}
ITEMGEN_LOOT_ADJ_1,{Shiny}
ITEMGEN_LOOT_ADJ_2,{Glowing}
ITEMGEN_LOOT_ADJ_3,{Humming}
ITEMGEN_LOOT_ADJ_4,{Lustrous}
ITEMGEN_LOOT_ADJ_5,{Rare}
ITEMGEN_LOOT_ADJ_6,{Desirable}
ITEMGEN_LOOT_ADJ_7,{Ancient}
ITEMGEN_LOOT_ADJ_8,{Polished}
ITEMGEN_LOOT_ADJ_9,{Tarnished}
ITEMGEN_LOOT_ADJ_10,{Gleaming}
ITEMGEN_LOOT_ADJ_11,{Valuable}
ITEMGEN_LOOT_ADJ_12,{Splendid}
ITEMGEN_LOOT_ADJ_13,{Long-Lost}
ITEMGEN_LOOT_ADJ_14,{Stolen}
ITEMGEN_LOOT_ADJ_15,{Abandoned}
ITEMGEN_LOOT_ADJ_16,{Cursed}
ITEMGEN_LOOT_ADJ_17,{Vibrating}
ITEMGEN_LOOT_ADJ_18,{Radioactive}
ITEMGEN_LOOT_ADJ_19,{Precious}
ITEMGEN_LOOT_ADJ_20,{Strange}
ITEMGEN_LOOT_ADJ_21,{Mysterious}
ITEMGEN_LOOT_ADJ_22,{Anomalous}
ITEMGEN_LOOT_ADJ_23,{Exceptional}
ITEMGEN_LOOT_ADJ_24,{Gek}
ITEMGEN_LOOT_ADJ_25,{Vy'keen}
ITEMGEN_LOOT_ADJ_26,{Korvax}
ITEMGEN_LOOT_ADJ_27,{Magnetic}
ITEMGEN_LOOT_ADJ_28,{Sparkling}
ITEMGEN_LOOT_ADJ_29,{Electrified}
ITEMGEN_LOOT_ADJ_30,{Luxurious}
ITEMGEN_LOOT_ADJ_31,{Ornate}
ITEMGEN_LOOT_ADJ_32,{Conductive}
ITEMGEN_LOOT_ADJ_33,{Synthetic}
ITEMGEN_LOOT_ADJ_34,{Pleasing}
ITEMGEN_LOOT_ADJ_35,{Irresistible}
ITEMGEN_LOOT_ADJ_36,{Multicoloured}
ITEMGEN_LOOT_ADJ_37,{Legendary}
ITEMGEN_LOOT_ADJ_38,{Timeless}
ITEMGEN_LOOT_ADJ_39,{Hypnotic}
ITEMGEN_LOOT_ADJ_40,{Preserved}
ITEMGEN_LOOT_ADJ_41,{Starry}
ITEMGEN_LOOT_ADJ_42,{Celestial}
ITEMGEN_LOOT_ADJ_43,{Translucent}
ITEMGEN_LOOT_ADJ_44,{Contaminated}
ITEMGEN_LOOT_ADJ_45,{Musical}
ITEMGEN_LOOT_ADJ_46,{Ill-gotten}
ITEMGEN_LOOT_ADJ_47,{Scientific}
ITEMGEN_LOOT_ADJ_48,{Ancestral}
ITEMGEN_LOOT_NOUN_1,{Moonstones}
ITEMGEN_LOOT_NOUN_2,{Treasures}
ITEMGEN_LOOT_NOUN_3,{Jewels}
ITEMGEN_LOOT_NOUN_4,{Trinkets}
ITEMGEN_LOOT_NOUN_5,{Bullion}
ITEMGEN_LOOT_NOUN_6,{Gemstones}
ITEMGEN_LOOT_NOUN_7,{Skulls}
ITEMGEN_LOOT_NOUN_8,{Stones}
ITEMGEN_LOOT_NOUN_9,{Loot}
ITEMGEN_LOOT_NOUN_10,{Gems}
ITEMGEN_LOOT_NOUN_11,{Riches}
ITEMGEN_LOOT_NOUN_12,{Pearls}
ITEMGEN_LOOT_NOUN_13,{Orbs}
ITEMGEN_LOOT_NOUN_14,{Beads}
ITEMGEN_LOOT_NOUN_15,{Ornaments}
ITEMGEN_LOOT_NOUN_16,{Baubles}
ITEMGEN_LOOT_NOUN_17,{Artworks}
ITEMGEN_LOOT_NOUN_18,{Statuettes}
ITEMGEN_LOOT_NOUN_19,{Pelts}
ITEMGEN_LOOT_NOUN_20,{Robes}
ITEMGEN_LOOT_NOUN_21,{Crowns}
ITEMGEN_LOOT_NOUN_22,{Metalwork}
ITEMGEN_LOOT_NOUN_23,{Relics}
ITEMGEN_LOOT_NOUN_24,{Swords}
ITEMGEN_LOOT_NOUN_25,{Diamonds}
ITEMGEN_LOOT_NOUN_26,{Eggs}
ITEMGEN_LOOT_NOUN_27,{Rings}
ITEMGEN_LOOT_NOUN_28,{Bangles}
ITEMGEN_LOOT_NOUN_29,{Sunstones}
ITEMGEN_LOOT_NOUN_30,{Coins}
ITEMGEN_LOOT_NOUN_31,{Weaponry}
ITEMGEN_LOOT_NOUN_32,{Goblets}
ITEMGEN_LOOT_NOUN_33,{Trophies}
ITEMGEN_LOOT_NOUN_34,{Teeth}
ITEMGEN_LOOT_NOUN_35,{Silk}
ITEMGEN_LOOT_NOUN_36,{Cloth}
ITEMGEN_LOOT_NOUN_37,{Potions}
ITEMGEN_LOOT_NOUN_38,{Curios}
ITEMGEN_LOOT_NOUN_39,{Antiques}
ITEMGEN_LOOT_NOUN_40,{Material}
ITEMGEN_LOOT_NOUN_41,{Remains}
ITEMGEN_LOOT_NOUN_42,{Bones}
ITEMGEN_LOOT_NOUN_43,{Armour}
ITEMGEN_LOOT_NOUN_44,{Runes}
ITEMGEN_LOOT_NOUN_45,{Wine}
ITEMGEN_LOOT_NOUN_46,{Spirit Bottles}
ITEMGEN_HIST_ADJ_1,{Gek}
ITEMGEN_HIST_ADJ_2,{Vy'keen}
ITEMGEN_HIST_ADJ_3,{Korvax}
ITEMGEN_HIST_ADJ_4,{Dusty}
ITEMGEN_HIST_ADJ_5,{Curious}
ITEMGEN_HIST_ADJ_6,{Heretical}
ITEMGEN_HIST_ADJ_7,{Leather-Bound}
ITEMGEN_HIST_ADJ_8,{Suspicious}
ITEMGEN_HIST_ADJ_9,{Undiscovered}
ITEMGEN_HIST_ADJ_10,{Long-Lost}
ITEMGEN_HIST_ADJ_11,{Ancient}
ITEMGEN_HIST_ADJ_12,{Cursed}
ITEMGEN_HIST_ADJ_13,{Rare}
ITEMGEN_HIST_ADJ_14,{Mysterious}
ITEMGEN_HIST_ADJ_15,{Haunted}
ITEMGEN_HIST_ADJ_16,{Forsaken}
ITEMGEN_HIST_ADJ_17,{Beautiful}
ITEMGEN_HIST_ADJ_18,{Subtle}
ITEMGEN_HIST_ADJ_19,{Thoughtful}
ITEMGEN_HIST_ADJ_20,{Intimate}
ITEMGEN_HIST_ADJ_21,{Well-Observed}
ITEMGEN_HIST_ADJ_22,{Crumbling}
ITEMGEN_HIST_ADJ_23,{Ashen}
ITEMGEN_HIST_ADJ_24,{Romantic}
ITEMGEN_HIST_ADJ_25,{Ornate}
ITEMGEN_HIST_ADJ_26,{Blighted}
ITEMGEN_HIST_ADJ_27,{Lyrical}
ITEMGEN_HIST_ADJ_28,{Historical}
ITEMGEN_HIST_ADJ_29,{Grim}
ITEMGEN_HIST_ADJ_30,{Lost}
ITEMGEN_HIST_ADJ_31,{Ill-Advised}
ITEMGEN_HIST_ADJ_32,{Delicate}
ITEMGEN_HIST_ADJ_33,{Sublime}
ITEMGEN_HIST_ADJ_34,{Coarse}
ITEMGEN_HIST_ADJ_35,{Elegant}
ITEMGEN_HIST_ADJ_36,{Timeworn}
ITEMGEN_HIST_ADJ_37,{Age-Old}
ITEMGEN_HIST_ADJ_38,{Antiquated}
ITEMGEN_HIST_ADJ_39,{Luminous}
ITEMGEN_HIST_ADJ_40,{Dangerous}
ITEMGEN_HIST_ADJ_41,{Hand-Made}
ITEMGEN_HIST_ADJ_42,{Blood Stained}
ITEMGEN_HIST_ADJ_43,{Stained}
ITEMGEN_HIST_ADJ_44,{Lewd}
ITEMGEN_HIST_ADJ_45,{Sealed}
ITEMGEN_HIST_ADJ_46,{Unsealed}
ITEMGEN_HIST_ADJ_47,{Wistful}
ITEMGEN_HIST_ADJ_48,{Precious}
ITEMGEN_HIST_ADJ_49,{Epic}
ITEMGEN_HIST_ADJ_50,{Dramatic}
ITEMGEN_HIST_ADJ_51,{Forbidden}
ITEMGEN_HIST_ADJ_52,{Crumpled}
ITEMGEN_HIST_NOUN_1,{Field Notes}
ITEMGEN_HIST_NOUN_2,{Papers}
ITEMGEN_HIST_NOUN_3,{Diagrams}
ITEMGEN_HIST_NOUN_4,{Books}
ITEMGEN_HIST_NOUN_5,{Manuscripts}
ITEMGEN_HIST_NOUN_6,{Artefacts}
ITEMGEN_HIST_NOUN_7,{Research Data}
ITEMGEN_HIST_NOUN_8,{Recipe}
ITEMGEN_HIST_NOUN_9,{Formulae}
ITEMGEN_HIST_NOUN_10,{Diaries}
ITEMGEN_HIST_NOUN_11,{Poetry}
ITEMGEN_HIST_NOUN_12,{Drawings}
ITEMGEN_HIST_NOUN_13,{Etchings}
ITEMGEN_HIST_NOUN_14,{Woodcut}
ITEMGEN_HIST_NOUN_15,{Documents}
ITEMGEN_HIST_NOUN_16,{Scribblings}
ITEMGEN_HIST_NOUN_17,{Calendar}
ITEMGEN_HIST_NOUN_18,{Portraits}
ITEMGEN_HIST_NOUN_19,{Sheet Music}
ITEMGEN_HIST_NOUN_20,{Theses}
ITEMGEN_HIST_NOUN_21,{Treatises}
ITEMGEN_HIST_NOUN_22,{Literature}
ITEMGEN_HIST_NOUN_23,{Calligraphy}
ITEMGEN_HIST_NOUN_24,{Tracts}
ITEMGEN_HIST_NOUN_25,{Pamphlets}
ITEMGEN_HIST_NOUN_26,{Recordings}
ITEMGEN_HIST_NOUN_27,{Memoirs}
ITEMGEN_HIST_NOUN_28,{Scrolls}
ITEMGEN_HIST_NOUN_29,{Mementos}
ITEMGEN_HIST_NOUN_30,{Sketches}
ITEMGEN_HIST_NOUN_31,{Photographs}
ITEMGEN_HIST_NOUN_32,{Reports}
ITEMGEN_HIST_NOUN_33,{Case Files}
ITEMGEN_HIST_NOUN_34,{Lawsuits}
ITEMGEN_HIST_NOUN_35,{Receipts}
ITEMGEN_HIST_NOUN_36,{Portfolio}
ITEMGEN_HIST_NOUN_37,{Archives}
ITEMGEN_HIST_NOUN_38,{Anthology}
ITEMGEN_HIST_NOUN_39,{Compositions}
ITEMGEN_HIST_NOUN_40,{Miscellany}
ITEMGEN_HIST_NOUN_41,{Legal Documents}
ITEMGEN_HIST_NOUN_42,{Commercial Records}
ITEMGEN_HIST_NOUN_43,{Relic}
ITEMGEN_HIST_NOUN_44,{Pictographs}
ITEMGEN_HIST_NOUN_45,{Statue}
ITEMGEN_HIST_NOUN_46,{Heirloom}
ITEMGEN_HIST_NOUN_47,{Leaflet}
ITEMGEN_HIST_NOUN_48,{Brochure}
ITEMGEN_HIST_NOUN_49,{Essay}
ITEMGEN_HIST_NOUN_50,{Autobiography}
ITEMGEN_BIO_CONT_1,{Jar}
ITEMGEN_BIO_CONT_2,{Box}
ITEMGEN_BIO_CONT_3,{Packet}
ITEMGEN_BIO_CONT_4,{Bundle}
ITEMGEN_BIO_CONT_5,{Collection}
ITEMGEN_BIO_CONT_6,{Box}
ITEMGEN_BIO_CONT_7,{Handful}
ITEMGEN_BIO_CONT_8,{Trunk}
ITEMGEN_BIO_CONT_9,{Parcel}
ITEMGEN_BIO_CONT_10,{Trunk}
ITEMGEN_BIO_CONT_11,{Parcel}
ITEMGEN_BIO_CONT_12,{Jar}
ITEMGEN_BIO_CONT_13,{Box}
ITEMGEN_BIO_CONT_14,{Packet}
ITEMGEN_BIO_CONT_15,{Bundle}
ITEMGEN_BIO_CONT_16,{Box}
ITEMGEN_BIO_CONT_17,{Carton}
ITEMGEN_BIO_CONT_18,{Pouch}
ITEMGEN_BIO_CONT_19,{Bundle}
ITEMGEN_BIO_CONT_20,{Box}
ITEMGEN_BIO_ADJ_1,{Humming}
ITEMGEN_BIO_ADJ_2,{Preserved}
ITEMGEN_BIO_ADJ_3,{Ancient}
ITEMGEN_BIO_ADJ_4,{Glowing}
ITEMGEN_BIO_ADJ_5,{Wriggly}
ITEMGEN_BIO_ADJ_6,{Poisonous}
ITEMGEN_BIO_ADJ_7,{Nutritious}
ITEMGEN_BIO_ADJ_8,{Dirty}
ITEMGEN_BIO_ADJ_9,{Beautiful}
ITEMGEN_BIO_ADJ_10,{Congealed}
ITEMGEN_BIO_ADJ_11,{Valuable}
ITEMGEN_BIO_ADJ_12,{Rare}
ITEMGEN_BIO_ADJ_13,{Toxic}
ITEMGEN_BIO_ADJ_14,{Hairy}
ITEMGEN_BIO_ADJ_15,{Glassy}
ITEMGEN_BIO_ADJ_16,{Pungent}
ITEMGEN_BIO_ADJ_17,{Frozen}
ITEMGEN_BIO_ADJ_18,{Parched}
ITEMGEN_BIO_ADJ_19,{Dusty}
ITEMGEN_BIO_ADJ_20,{Synthetic}
ITEMGEN_BIO_ADJ_21,{Artificial}
ITEMGEN_BIO_ADJ_22,{Fragile}
ITEMGEN_BIO_ADJ_23,{Invisible}
ITEMGEN_BIO_ADJ_24,{Crystalline}
ITEMGEN_BIO_ADJ_25,{Neurotoxic}
ITEMGEN_BIO_ADJ_26,{Oily}
ITEMGEN_BIO_ADJ_27,{Delicate}
ITEMGEN_BIO_ADJ_28,{Healing}
ITEMGEN_BIO_ADJ_29,{Hallucogenic}
ITEMGEN_BIO_ADJ_30,{Edible}
ITEMGEN_BIO_ADJ_31,{Caustic}
ITEMGEN_BIO_ADJ_32,{Dormant}
ITEMGEN_BIO_ADJ_33,{Extinct}
ITEMGEN_BIO_ADJ_34,{Astonishing}
ITEMGEN_BIO_ADJ_35,{Astounding}
ITEMGEN_BIO_ADJ_36,{Well-Studied}
ITEMGEN_BIO_ADJ_37,{Gooey}
ITEMGEN_BIO_ADJ_38,{Rotten}
ITEMGEN_BIO_ADJ_39,{Radioactive}
ITEMGEN_BIO_ADJ_40,{Pulsating}
ITEMGEN_BIO_ADJ_41,{Bloody}
ITEMGEN_BIO_ADJ_42,{Undiscovered}
ITEMGEN_BIO_ADJ_43,{Sweet-Smelling}
ITEMGEN_BIO_ADJ_44,{Cloneable}
ITEMGEN_BIO_ADJ_45,{Buzzing}
ITEMGEN_BIO_ADJ_46,{Oozing}
ITEMGEN_BIO_ADJ_47,{Writhing}
ITEMGEN_BIO_ADJ_48,{Hypnotic}
ITEMGEN_BIO_ADJ_49,{Alien}
ITEMGEN_BIO_ADJ_50,{Evolved}
ITEMGEN_BIO_ADJ_51,{Celestial}
ITEMGEN_BIO_ADJ_52,{Fresh}
ITEMGEN_BIO_ADJ_53,{Precious}
ITEMGEN_BIO_NOUN_1,{Remains}
ITEMGEN_BIO_NOUN_2,{Bones}
ITEMGEN_BIO_NOUN_3,{Sticks}
ITEMGEN_BIO_NOUN_4,{Seeds}
ITEMGEN_BIO_NOUN_5,{Seedpods}
ITEMGEN_BIO_NOUN_6,{Cuttings}
ITEMGEN_BIO_NOUN_7,{Seedlings}
ITEMGEN_BIO_NOUN_8,{Sproutlings}
ITEMGEN_BIO_NOUN_9,{Fruit}
ITEMGEN_BIO_NOUN_10,{Berries}
ITEMGEN_BIO_NOUN_11,{Sprouts}
ITEMGEN_BIO_NOUN_12,{Samples}
ITEMGEN_BIO_NOUN_13,{Worms}
ITEMGEN_BIO_NOUN_14,{Mould}
ITEMGEN_BIO_NOUN_15,{Lichens}
ITEMGEN_BIO_NOUN_16,{Moss}
ITEMGEN_BIO_NOUN_17,{Clippings}
ITEMGEN_BIO_NOUN_18,{Insects}
ITEMGEN_BIO_NOUN_19,{Flowers}
ITEMGEN_BIO_NOUN_20,{Petals}
ITEMGEN_BIO_NOUN_21,{Buds}
ITEMGEN_BIO_NOUN_22,{Twigs}
ITEMGEN_BIO_NOUN_23,{Residue}
ITEMGEN_BIO_NOUN_24,{Skulls}
ITEMGEN_BIO_NOUN_25,{Shells}
ITEMGEN_BIO_NOUN_26,{Herbs}
ITEMGEN_BIO_NOUN_27,{Blossom}
ITEMGEN_BIO_NOUN_28,{Pollen}
ITEMGEN_BIO_NOUN_29,{Organic Matter}
ITEMGEN_BIO_NOUN_30,{Nuts}
ITEMGEN_BIO_NOUN_31,{Bulbs}
ITEMGEN_BIO_NOUN_32,{Tubers}
ITEMGEN_BIO_NOUN_33,{Thistles}
ITEMGEN_BIO_NOUN_34,{Weeds}
ITEMGEN_BIO_NOUN_35,{Leaves}
ITEMGEN_BIO_NOUN_36,{Eggs}
ITEMGEN_BIO_NOUN_37,{Larvae}
ITEMGEN_BIO_NOUN_38,{Roots}
ITEMGEN_BIO_NOUN_39,{Bark}
ITEMGEN_BIO_NOUN_40,{Beans}
ITEMGEN_BIO_NOUN_41,{Kernels}
ITEMGEN_BIO_NOUN_42,{Fingers}
ITEMGEN_BIO_NOUN_43,{Bugs}
ITEMGEN_BIO_NOUN_44,{Beetles}
ITEMGEN_BIO_NOUN_45,{Grubs}
ITEMGEN_BIO_NOUN_46,{Nodules}
ITEMGEN_BIO_NOUN_47,{Soil}
ITEMGEN_BIO_NOUN_48,{Ooze}
ITEMGEN_BIO_NOUN_49,{Grain}
ITEMGEN_BIO_NOUN_50,{Spores}
ITEMGEN_BIO_NOUN_51,{Moths}
ITEMGEN_BIO_NOUN_52,{Hatchlings}
ITEMGEN_BIO_NOUN_53,{Orchids}
ITEMGEN_FOSSIL_ADJ_1,{Preserved}
ITEMGEN_FOSSIL_ADJ_2,{Fossilised}
ITEMGEN_FOSSIL_ADJ_3,{Calcified}
ITEMGEN_FOSSIL_ADJ_4,{Ossified}
ITEMGEN_FOSSIL_ADJ_5,{Petrified}
ITEMGEN_FOSSIL_ADJ_6,{Carbonised}
ITEMGEN_FOSSIL_ADJ_7,{Dessicated}
ITEMGEN_FOSSIL_ADJ_8,{Mummified}
ITEMGEN_FOSSIL_ADJ_9,{Ancient}
ITEMGEN_FOSSIL_ADJ_10,{Preserved}
ITEMGEN_FOSSIL_ADJ_11,{Fossilised}
ITEMGEN_FOSSIL_ADJ_12,{Preserved}
ITEMGEN_FOSSIL_ADJ_13,{Fossilised}
ITEMGEN_FOSSIL_ADJ_14,{Petrified}
ITEMGEN_FOSSIL_ADJ_15,{Twisted}
ITEMGEN_FOSSIL_ADJ_16,{Unusual}
ITEMGEN_FOSSIL_ADJ_17,{Primeval}
ITEMGEN_FOSSIL_ADJ_18,{Primordial}
ITEMGEN_FOSSIL_ADJ_19,{Primitive}
ITEMGEN_FOSSIL_ADJ_20,{Glassy}
ITEMGEN_FOSSIL_ANIMAL_1,{Ungulate}
ITEMGEN_FOSSIL_ANIMAL_2,{Bovine}
ITEMGEN_FOSSIL_ANIMAL_3,{Trilobite}
ITEMGEN_FOSSIL_ANIMAL_4,{Shrimp}
ITEMGEN_FOSSIL_ANIMAL_5,{Ammonite}
ITEMGEN_FOSSIL_ANIMAL_6,{Animal}
ITEMGEN_FOSSIL_ANIMAL_7,{Gastropod}
ITEMGEN_FOSSIL_ANIMAL_8,{Arthropod}
ITEMGEN_FOSSIL_ANIMAL_9,{Primate}
ITEMGEN_FOSSIL_ANIMAL_10,{Carnivore}
ITEMGEN_FOSSIL_ANIMAL_11,{Herbivore}
ITEMGEN_FOSSIL_ANIMAL_12,{Dinosaur}
ITEMGEN_FOSSIL_ANIMAL_13,{Pangolin}
ITEMGEN_FOSSIL_ANIMAL_14,{Cetacean}
ITEMGEN_FOSSIL_ANIMAL_15,{Ruminant}
ITEMGEN_FOSSIL_ANIMAL_16,{Canine}
ITEMGEN_FOSSIL_ANIMAL_17,{Rodent}
ITEMGEN_FOSSIL_ANIMAL_18,{Feline}
ITEMGEN_FOSSIL_ANIMAL_19,{Arachnid}
ITEMGEN_FOSSIL_ANIMAL_20,{Fish}
ITEMGEN_FOSSIL_ANIMAL_21,{Sauropod}
ITEMGEN_FOSSIL_ANIMAL_22,{Therapod}
ITEMGEN_FOSSIL_ANIMAL_23,{Ceratops}
ITEMGEN_FOSSIL_ANIMAL_24,{Ornthiod}
ITEMGEN_FOSSIL_ANIMAL_25,{Gek}
ITEMGEN_FOSSIL_ANIMAL_26,{Vy'keen}
ITEMGEN_FOSSIL_ANIMAL_27,{Insect}
ITEMGEN_FOSSIL_ANIMAL_28,{Beetle}
ITEMGEN_FOSSIL_ANIMAL_29,{Cephalopod}
ITEMGEN_FOSSIL_ANIMAL_30,{Mollusc}
ITEMGEN_FOSSIL_ANIMAL_31,{Reptile}
ITEMGEN_FOSSIL_ANIMAL_32,{Amphibian}
ITEMGEN_FOSSIL_ANIMAL_33,{Mammal}
ITEMGEN_FOSSIL_ANIMAL_34,{Crab}
ITEMGEN_FOSSIL_ANIMAL_35,{Crustacean}
ITEMGEN_FOSSIL_ANIMAL_36,{Dromedary}
ITEMGEN_FOSSIL_ANIMAL_37,{Turtle}
ITEMGEN_FOSSIL_ANIMAL_38,{Crocodile}
ITEMGEN_FOSSIL_ANIMAL_39,{Snake}
ITEMGEN_FOSSIL_PART_1,{Bones}
ITEMGEN_FOSSIL_PART_2,{Feet}
ITEMGEN_FOSSIL_PART_3,{Hoof}
ITEMGEN_FOSSIL_PART_4,{Prints}
ITEMGEN_FOSSIL_PART_5,{Skull}
ITEMGEN_FOSSIL_PART_6,{Tissue}
ITEMGEN_FOSSIL_PART_7,{Cranium}
ITEMGEN_FOSSIL_PART_8,{Antennae}
ITEMGEN_FOSSIL_PART_9,{Spine}
ITEMGEN_FOSSIL_PART_10,{Vertebrae}
ITEMGEN_FOSSIL_PART_11,{Ribcage}
ITEMGEN_FOSSIL_PART_12,{Jawbone}
ITEMGEN_FOSSIL_PART_13,{Teeth}
ITEMGEN_FOSSIL_PART_14,{Exoskeleton}
ITEMGEN_FOSSIL_PART_15,{DNA}
ITEMGEN_FOSSIL_PART_16,{Blood}
ITEMGEN_FOSSIL_PART_17,{Egg}
ITEMGEN_FOSSIL_PART_18,{Nest}
ITEMGEN_FOSSIL_PART_19,{Feather}
ITEMGEN_FOSSIL_PART_20,{Foot}
ITEMGEN_FOSSIL_PART_21,{Claw}
ITEMGEN_FOSSIL_PART_22,{Organs}
ITEMGEN_FOSSIL_PART_23,{Thorax}
ITEMGEN_FOSSIL_PART_24,{Abdomen}
ITEMGEN_FOSSIL_PART_25,{Sac}
ITEMGEN_FOSSIL_PART_26,{Wings}
ITEMGEN_FOSSIL_PART_27,{Hair}
ITEMGEN_FOSSIL_PART_28,{Horn}
ITEMGEN_FOSSIL_PART_29,{Shell}
ITEMGEN_FOSSIL_PART_30,{Beak}
ITEMGEN_PLANT_BOX_1,{Mutated}
ITEMGEN_PLANT_BOX_2,{Fresh}
ITEMGEN_PLANT_BOX_3,{Cloned}
ITEMGEN_PLANT_BOX_4,{Ornamental}
ITEMGEN_PLANT_BOX_5,{Germinated}
ITEMGEN_PLANT_BOX_6,{Preserved}
ITEMGEN_PLANT_BOX_7,{Dormant}
ITEMGEN_PLANT_BOX_8,{Hybrid}
ITEMGEN_PLANT_BOX_9,{Hybrid}
ITEMGEN_PLANT_BOX_10,{Mutated}
ITEMGEN_PLANT_BOX_11,{Fresh}
ITEMGEN_PLANT_BOX_12,{Toxic}
ITEMGEN_PLANT_BOX_13,{Lost}
ITEMGEN_PLANT_BOX_14,{The Last}
ITEMGEN_PLANT_BOX_15,{Rare}
ITEMGEN_PLANT_PART1_1,{Rip}
ITEMGEN_PLANT_PART1_2,{Lip}
ITEMGEN_PLANT_PART1_3,{Penny}
ITEMGEN_PLANT_PART1_4,{Cow}
ITEMGEN_PLANT_PART1_5,{Horse}
ITEMGEN_PLANT_PART1_6,{Clam}
ITEMGEN_PLANT_PART1_7,{Duck}
ITEMGEN_PLANT_PART1_8,{Pond}
ITEMGEN_PLANT_PART1_9,{Sink}
ITEMGEN_PLANT_PART1_10,{Ghost}
ITEMGEN_PLANT_PART1_11,{Moon}
ITEMGEN_PLANT_PART1_12,{Glass}
ITEMGEN_PLANT_PART1_13,{Tempt}
ITEMGEN_PLANT_PART1_14,{Lure}
ITEMGEN_PLANT_PART1_15,{Lash}
ITEMGEN_PLANT_PART1_16,{Eye}
ITEMGEN_PLANT_PART1_17,{Mouth}
ITEMGEN_PLANT_PART1_18,{Nerve}
ITEMGEN_PLANT_PART1_19,{Cotton}
ITEMGEN_PLANT_PART1_20,{Bind}
ITEMGEN_PLANT_PART1_21,{Wind}
ITEMGEN_PLANT_PART1_22,{Claw}
ITEMGEN_PLANT_PART1_23,{Mud}
ITEMGEN_PLANT_PART1_24,{Lime}
ITEMGEN_PLANT_PART1_25,{Marsh}
ITEMGEN_PLANT_PART1_26,{West}
ITEMGEN_PLANT_PART1_27,{Mill}
ITEMGEN_PLANT_PART1_28,{Still}
ITEMGEN_PLANT_PART1_29,{Quill}
ITEMGEN_PLANT_PART1_30,{Needle}
ITEMGEN_PLANT_PART1_31,{Tray}
ITEMGEN_PLANT_PART1_32,{Grim}
ITEMGEN_PLANT_PART1_33,{Gloom}
ITEMGEN_PLANT_PART1_34,{Tram}
ITEMGEN_PLANT_PART1_35,{Tide}
ITEMGEN_PLANT_PART1_36,{Flood}
ITEMGEN_PLANT_PART1_37,{Salt}
ITEMGEN_PLANT_PART1_38,{Ash}
ITEMGEN_PLANT_PART1_39,{Fire}
ITEMGEN_PLANT_PART1_40,{Bark}
ITEMGEN_PLANT_PART1_41,{Cork}
ITEMGEN_PLANT_PART1_42,{Pod}
ITEMGEN_PLANT_PART1_43,{Port}
ITEMGEN_PLANT_PART1_44,{Bug}
ITEMGEN_PLANT_PART1_45,{Fly}
ITEMGEN_PLANT_PART1_46,{Ant}
ITEMGEN_PLANT_PART1_47,{Deep}
ITEMGEN_PLANT_PART1_48,{Swamp}
ITEMGEN_PLANT_PART1_49,{Stone}
ITEMGEN_PLANT_PART1_50,{Gray}
ITEMGEN_PLANT_PART1_51,{Clay}
ITEMGEN_PLANT_PART1_52,{Snake}
ITEMGEN_PLANT_PART1_53,{Coast}
ITEMGEN_PLANT_PART1_54,{Lake}
ITEMGEN_PLANT_PART1_55,{River}
ITEMGEN_PLANT_PART1_56,{Hang}
ITEMGEN_PLANT_PART1_57,{Brim}
ITEMGEN_PLANT_PART1_58,{Broad}
ITEMGEN_PLANT_PART1_59,{Mould}
ITEMGEN_PLANT_PART1_60,{Milk}
ITEMGEN_PLANT_PART1_61,{Sun}
ITEMGEN_PLANT_PART1_62,{Tor}
ITEMGEN_PLANT_PART1_63,{Cairn}
ITEMGEN_PLANT_PART1_64,{Cul}
ITEMGEN_PLANT_PART1_65,{Nut}
ITEMGEN_PLANT_PART1_66,{Butter}
ITEMGEN_PLANT_PART1_67,{Churn}
ITEMGEN_PLANT_PART1_68,{Rot}
ITEMGEN_PLANT_PART1_69,{Dry}
ITEMGEN_PLANT_PART1_70,{Dust}
ITEMGEN_PLANT_PART1_71,{Saber}
ITEMGEN_PLANT_PART1_72,{Saw}
ITEMGEN_PLANT_PART1_73,{Trim}
ITEMGEN_PLANT_PART1_74,{Grout}
ITEMGEN_PLANT_PART1_75,{Sponge}
ITEMGEN_PLANT_PART1_76,{Pet}
ITEMGEN_PLANT_PART1_77,{Spice}
ITEMGEN_PLANT_PART1_78,{Fume}
ITEMGEN_PLANT_PART1_79,{Mist}
ITEMGEN_PLANT_PART1_80,{Fog}
ITEMGEN_PLANT_PART1_81,{Clay}
ITEMGEN_PLANT_PART1_82,{Creak}
ITEMGEN_PLANT_PART1_83,{Crab}
ITEMGEN_PLANT_PART1_84,{Apple}