location,source,target
,{No scan technology installed},
,{Scanner is critically damaged},
,{Scanner recharging},
,{Discovered system in %SYSTEM%},
,{Discovered beacon %BEACON%},
,{Discovered %RELIC%},
,{Discovered %CREATURE%},
,{Newly discovered %CREATURE%},
,{New planet discovered},
,{Planet discovered by %USER%},
,{CONTROL MODE: NORMAL},
,{CONTROL MODE: INVERTED},
,{CONTROL MODE: FLIGHT STICK},
,{Primary Starship switched},
,{Beacon sync established},
,{Beacon sync busy},
,{%NUMBER% records uploaded},
,{%NUMCLAIMED% claimed // %NUMREJECTED% rejected},
,{%UNITS% units have been credited to your account},
,{OXYGEN},
,{EXTREME COLD},
,{EXTREME HEAT},
,{RADIATION},
,{TOXIC RAIN},
,{DANGER: LOW OXYGEN LEVELS},
,{DANGER: HEAT LEVELS CRITICAL},
,{DANGER: CRITICAL HYPOTHERMIA},
,{DANGER: TOXIC RAIN BREACH},
,{DANGER: RADIATION BREACH},
,{DANGER: SHIELD COMPROMISED},
,{Exiting atmosphere},
,{Thrusters offline - Local enemy disruption},
,{Thrusters offline - Atmospheric interference},
,{Thrusters offline - Large ship proximity},
,{Thrusters offline - Space Station proximity},
,{Pulse engine offline - Planetary interference},
,{Pulse engine offline - Local enemy disruption},
,{Pulse engine offline - Atmospheric interference},
,{Pulse engine offline - Large ship proximity},
,{Pulse engine offline - Space Station proximity},
,{Pulse engine offline - Extreme Gravitational Interference},
,{Pulse engine offline - Insufficient fuel},
,{WARNING - HOSTILE SHIPS ON APPROACH},
,{Local distress signal issued},
,{SENTINEL DRONES ALERTED},
,{WARNING - SENTINEL REINFORCEMENTS DEPLOYED},
,{WARNING - SENTINEL COMBAT UNIT DEPLOYED},
,{WARNING - SENTINEL WALKER DETECTED},
,{WARNING - ELITE SENTINEL FORCE},
,{WARNING - SENTINEL INTERCEPTORS INCOMING},
,{New technology discovered!},
,{WEAPON CHARGE DEPLETED},
,{NO AMMO IN INVENTORY},
,{No active technology in Multi-tool},
,{%WEAPON% is critically damaged},
,{%TECH% critically damaged},
,{RELOAD},
,{OVERHEAT},
,{You have learned the %RACE% word for '%WORD%'},
,{%COST% %RESOURCE% required},
,{Purchase Multi-tool},
,{Sell inventory items on the Galactic Network},
,{Welcome to the Galactic Trade Network},
,{Accessing Atlas traveller link.Remote inventory sync initialised.Standing by for user request...},
,{Starship out of range},
,{Item Teleportation Enabled},
,{Indefinite},
,{Undiscovered},
,{Arrive in},
,{Discovered by:},
,{Planet name:},
,{Distance:},
,{INFORMATION},
,{CONTROL SETTINGS},
,{Control Mode: %MODE%},
,{Normal},
,{Flight Stick},
,{Inverted},
,{INTERACT},
,{Interact},
,{Records Available...},
,{Trader Contact Request},
,{Empty},
,{Common},
,{Uncommon},
,{Rare},
,{Entity Shell},
,{Outpost},
,{Ruins of},
,{CONSUMABLE},
,{Refined},
,{Alloy},
,{Contraband},
,{CREATURES},
,{Pulse Engine Active},
,{Engaging Pulse Engine},
,{Analysing...},
,{Discovered by:},
,{RELOAD...},
,{SHIELD},
,{oxide},
,{silicate},
,{isotope},
,{Destroy},
,{%TECH% repaired},
,{%WEAPON% selected},
,{No Analysis Visor installed},
,{Analysis Visor is critically damaged},
,{WEATHER WARNING: INCOMING STORM},
,{WEATHER WARNING: SUPERHEATED RAINSTORM APPROACHING},
,{WEATHER WARNING: INCOMING FIRESTORM DETECTED},
,{WEATHER WARNING: INCOMING BLIZZARD DETECTED},
,{WEATHER WARNING: TOXIC RAINSTORM APPROACHING},
,{WEATHER WARNING: RADIOACTIVE SUPERCELL APPROACHING},
,{WEATHER UPDATE: STORM CLEARING},
,{Substance},
,{Product},
,{Restoring lost inventory},
,{Grave},
,{%DISTANCE%m},
,{Undiscovered},
,{%TYPE% - %PLANET%},
,{%INFO% Planet - %DISCOVERER%},
,{Oxygen},
,{Extreme Cold},
,{Extreme Heat},
,{Radiation},
,{Toxic Rain},
,{YOUR STARSHIP},
,{Your Starship},
,{Life became too hard},
,{JOURNEY MILESTONE ACCOMPLISHED},
,{%INFO% Moon - %DISCOVERER%},
,{Fuel Remaining},
,{New product formula learned!},
,{Locked Door},
,{Moon},
,{Planet},
,{System},
,{System - %SYSTEM%},
,{New Galaxy Discovered},
,{New Planet Discovered},
,{New Star System Discovered},
,{Star System},
,{Planet},
,{Moon},
,{Galactic Centre},
,{Black Hole},
,{Atlas Interface},
,{Atlas Interface Discovered},
,{Black Hole Discovered},
,{Anomaly Detected},
,{Signal Boosters Disrupted},
,{Black Hole Warp Successful. Distance Travelled %DISTANCE%},
,{Units},
,{Energy},
,{DISTRESS SIGNAL},
,{BOUNTY %AMOUNT%},
,{Battle detected},
,{Hyperdrive offline - Local enemy disruption},
,{Patch Notes},
,{Update 1.03 Hello Games has been hard at work to improve No Man's Sky. We've had to regenerate the universe.NOTE! Your in-game location may be adjusted as a result. Your overall progress will be unaffected.* Terrain is more weird and varied. Destruction is more powerful.* LOD generation entirely asynchronous.* Scanning from space now possible.* Extreme hazardous planets may now be generated. Please exercise caution upon planetfall.* Low atmosphere planets may now be generated.* Tuned frequency and intensity of space conflict. Ship bounties added. Expect trouble.* Streamlined inventory management.* Guidance and freedom are now optional.* More secrets.Going to sleep now.},
,{No Target},
,{ATLAS INTERFACE},
,{CRAFT PRODUCT},
,"{Create a useful, or valuable, material}",
,{INSTALL TECHNOLOGY},
,{Create a new tech to upgrade your equipment},
,{Create multi-tool upgrades and improvements},
,{Create a new tech to upgrade your starship},
,{TRANSFER ITEMS},
,{Transfer elements between your starship and exosuit inventory},
,{Teleport elements carried in your exosuit inventory to your starship},
,{TRANSFER ABORTED - STARSHIP PROXIMITY ERROR},
,{MODIFY},
,{Build technology using elements stored in exosuit inventory},
,{Build product using elements stored in exosuit inventory},
,{Insufficient element resources},
,{BUILD},
,{Build},
,{raljar@stationmain “ $ pwd},
,{Trade items from your exosuit inventory},
,{Sell cargo and technology from your starship},
,{BUY THE STARSHIP},
,{DECLINE PURCHASE},
,{CHARGE},
,{Charge equipment with %TYPE%},
,{Charge equipment},
,{Manage Starship Inventory with <IMG>QUICK_LEFT<>/<IMG>QUICK_RIGHT<>},
,{EQUIPMENT},
,{Manage Exosuit Inventory with <IMG>QUICK_LEFT<>/<IMG>QUICK_RIGHT<>},
,{Install technology companion units and charge ammunition clips},
,{Install technology and manage your starship's cargo},
,{Install technology and manage your exosuit inventory},
,{Install technology companion units and charge ammunition clips},
,{Traveller registry of creature encounters},
,{Atlas Discovery Network},
,{MAKE AN OFFERING},
,{COMPARE},
,{THE STRANGER SEEMS PLEASED WITH YOUR OFFER.},
,{THE STRANGER IS NOT IMPRESSED.},
,{OFFER},
,{Choose something to offer the stranger},
,{Requirements},
,{Build more using},
,{DISMANTLE},
,{Disassemble to increase capacity and gain resources},
,{DISCARD},
,{Destroy unwanted resources},
,{RENAME},
,{Name your discovery},
,{RENAME AND UPLOAD},
,{VIEW},
,{View all information gathered on this planet},
,{SET WAYPOINT},
,{Set waypoint on your galactic map},
,{Discovery Details},
,{UPLOAD},
,{Upload discovery to receive %REWARD% Units},
,{Upload discovery to receive %REWARD% Nanite Clusters},
,{Discovery uploaded},
,{Discovery uploaded. %REWARD% Units received.},
,{Discovery uploaded. %REWARD% Nanite Clusters received.},
,{Height},
,{Weight},
,{Solar System},
,{Discovered on},
,{Discovery made on %DATE%},
,{Star Systems},
,{Records},
,{Discoveries},
,{Star Log},
,{Day %DAY%},
,{No Planet In Local Vicinity},
,{Discovered by: %USER%},
,{Waypoints Discovered},
,{SYSTEM - %SYSTEM%},
,{PLANET - %PLANET%},
,{Distance From Centre Of The Galaxy},
,{First Discovered},
,{Discovered by},
,{Biome},
,{Unknown},
,{Lush},
,{Toxic},
,{Scorched},
,{Radioactive},
,{Frozen},
,{Barren},
,{Oxide},
,{Silicate},
,{Isotope},
,{Reinforced},
,{LASER},
,{PROJECTILE},
,{GRENADE},
,{SCAN},
,{WEAPONS},
,{HEALTH},
,{HYPERDRIVE},
,{EXOSUIT},
,{MULTI-TOOL},
,{STARSHIP},
,{DISCOVERIES},
,{OPTIONS},
,{RETURN},
,{PROTECTION},
,{STAMINA},
,{UTILITIES},
,{REGION},
,{%i PLANET},
,{%i PLANETS},
,{IN ORBIT},
,{SPECTRAL},
,{%DISTANCE% LIGHTYEARS},
,{LINEAR DISTANCE},
,{FUEL REQUIRED},
,{WARP IMPOSSIBLE},
,{HYPERDRIVE HAS NO FUEL},
,{NO HYPERDRIVE INSTALLED},
,{Current Location},
,{WARP COMPUTATION VALIDATED},
,{PRESS TO ACCEPT},
,{WARP COMPUTATION},
,{UNKNOWN ERROR},
,{DISCOVERED %USER% BY},
,{NO RECORDS FOUND},
,{Undiscovered},
,{Discovery Status Unknown},
,{NETWORK CONNECTION UNAVAILABLE},
,{Yellow},
,{Green},
,{Blue},
,{Red},
,{%COST% per piece (%VARIANCE% Galactic Avg.)},
,{Sell item to the Trade Network},
,{SELL %AMOUNT% for %PRICE% UNITS},
,{REPAIR},
,{Repair},
,{Repair this technology},
,{Health},
,{Get units},
,{Increase standing},
,{Protection},
,{Get blueprint},
,{NEXT PAGE},
,{PREV PAGE},
,{Buy items from the Galactic Trade Network},
,{Sell items from your inventories},
,{EXOSUIT INVENTORY},
,{STARSHIP INVENTORY},
,{FREIGHTER INVENTORY},
,{BUY %AMOUNT% for %PRICE% UNITS},
,{Buy item from the trade network},
,{TOXIC RAIN},
,{INTENSE HEAT},
,{RADIATION},
,{INTENSE COLD},
,{OXIDE},
,{SILICATE},
,{ISOTOPE},
,{CHARGE},
,{Collect %SUBSTANCE% to charge up your %TECH%},
,{Press <IMG>INVENTORY<> to open Inventory},
,{%AMOUNT% of %MAX%},
,{%TYPE% INVENTORY},
,{ALL PRODUCTS},
,{ALL TECHNOLOGY},
,{<COMMODITY>Oxide<>},
,{<TECHNOLOGY>Silicate<>},
,{<FUEL>Isotope<>},
,{Craft products in inventory slots},
,{Gather elements},
,{Required Parts},
,{Melee <IMG>MELEE<>},
,{Fire <IMG>ATTACK<>},
,{Zoom Analysis Visor <IMG>ZOOM<>},
,{<IMG>ALTATTACK<> Fire Grenade},
,{<IMG>AIM<> Analysis Visor},
,{<IMG>RUN<> Sprint},
,{<IMG>INVENTORY<> Open Inventory},
,{<IMG>INVENTORY<> Galactic Map},
,{Interact <IMG>INTERACT<>},
,{Scan <IMG>SCAN<>},
,{Activate Jetpack <IMG>JUMP<>},
,{Switch Multi-tool mode <IMG>CYCLEWEAPON<>},
,{<IMG>MOVE<> Move},
,{Look <IMG>LOOK<>},
,{%NAME% Adjunct},
,{%NAME% Void},
,{%NAME% Expanse},
,{%NAME% Terminus},
,{%NAME% Boundary},
,{%NAME% Fringe},
,{%NAME% Cluster},
,{%NAME% Mass},
,{%NAME% Band},
,{%NAME% Prime},
,{%NAME% Major},
,{%NAME% Minor},
,{New %NAME%},
,{ANALYSIS},
,{<IMG>GALAXYMOVE<> ROTATE <GAP><IMG>LOOK<> PUSH SELECT},
,{<IMG>DESELECT<> DESELECT},
,{Path towards galactic core},
,{Path towards waypoint},
,{Free exploration mode},
,{%i Planet},
,{%i Planets},
,{CAUTION - Black hole detected},
,{Anomalous energy signature detected},
,{Class %PROCSPEC%},
,{<IMG>SELECT<> SELECT <GAP><IMG>GALAXYHOME<> LOCATION <GAP><IMG>DESELECT<> EXIT MAP},
,{<IMG>GALAXYMOVE<> FLY <GAP><IMG>ACCELERATE<> ACCELERATE <GAP><IMG>LOOK<> LOOK},
,{DISCOVERED BY},
,{%USERNAME% on %DATE%},
,{SET WAYPOINT},
,{CLEAR WAYPOINT},
,{%DISTANCE% Light-years},
,{Moon of %PLANET%},
,{Container},
,{Reinforced},
,{Asteroid},
,{Elements},
,{Make an offer on the lifeform's starship},
,{Sell items to the lifeform},
,{Buy items from the lifeform},
,{Defence Turret},
,{Reinforced},
,{NEUTRAL},
,{Neutral},
,{<TRADE>Neutral<>},
,{Initialise...},
,{<IMG>SELECT<> WARP <GAP><IMG>DESELECT<> DESELECT},
,{NAVIGATION SYSTEMS},
,{ADD WAYPOINT},
,{REMOVE WAYPOINT},
,{REMOVE ALL WAYPOINTS},
,{Waypoint Limit Reached},
,{ite},
,{BUY},
,{Buy %AMOUNT% for <COMMODITY>%PRICE%<> units},
,{Sell %AMOUNT% for <COMMODITY>%PRICE%<> units},
,{Full},
,{Inventory Empty},
,{Units:},
,{Docked in %PLACE_NAME%},
,{Exploring %PLACE_NAME%},
,{Flying through %SYSTEM_NAME%},
,{Report this discovery as offensive or inappropriate},
,{REPORT},
,{Hide this discovery},
,{HIDE},
,{GAME OPTIONS},
,{Restore to last save},
,{Discovered on %DATETIME%},
,{Discovered},
,{Discovered by %USERNAME%},
,{Discovered by %USERNAME% on %DATETIME%},
,{Undiscovered},
,{You discovered this},
,{You discovered this on %DATETIME%},
,{You},
,"{You, on %DATETIME%}",
,"{You have lost connection to online discovery services, press <IMG>DISNETRETRY<> to reconnect}",
,{Connecting to Online Discovery Services},
,{Online Discovery Services Active},
,{You have lost connection to online discovery services},
,{Network warning},
,{%i Moon},
,{%i Moons},
,{???????},
,{Galaxy Centre},
,{Unknown},
,{You can't save},
,{Hostile sub-space scan detected},
,{Hostile sub-space scan found valuable cargo},
,{Hostile sub-space scan failed},
,{Engaging Attack Ships},
,{Transfer elements between inventories},
,{Attempting Connection...},
,{Unable To Connect},
,{Empty},
,{Install New Suit Slot},
,{JOURNEY MILESTONES},
,{Total Journey Milestones accomplished:},
,{Progress to next Milestone: %CURRENT% / %NEXT%},
,{PIN},
,{Pin formula},
,{%PRODUCT% Required},
,{DISTANCE TO CENTRE},
,{Unpin formula},
,{<IMG>INVENTORY<> Inventory},
,{<IMG>AIM<> Vision Enhancer},
,{<IMG>ALTATTACK<> Fire Grenade},
,{<IMG>QUICK_MENU<> Galactic Map},
,{<IMG>SHOWHUD<> Show HUD},
,{<IMG>MOVE<> Move},
,{Discoveries/Options <IMG>OPTIONS<>},
,{Fire <IMG>ATTACK<>},
,{Melee <IMG>MELEE<>},
,{Switch Weapon Mode <IMG>CYCLEWEAPON<>},
,{Scan <IMG>SCAN<>},
,{Activate Jetpack <IMG>JUMP<>},
,{Interact <IMG>INTERACT<>},
,{Sprint <IMG>RUN<>},
,{Look <IMG>LOOK<>},
,{TELEPORT ITEMS},
,{ANOMALOUS SIGNAL BLOCKING WARP},
,{Sentinels Arrived},
,{Sentinel Force Deactivated},
,{Sentinel Starships Incoming},
,{Sentinel Starships in Combat Range},
,{CURIOSITY},
,{COMPONENT},
,{DEVICE},
,{ITEM},
,{OBJECT},
,{EXOTIC},
,{Exotic},
,{<SPECIAL>Exotic<>},
,{%AMOUNT% Units %CLASS% Discovery Uploaded},
,{This technology is critically damaged},
,{TELEPORT},
,{Reload current [ %TIMESTAMP% ]},
,{Current : No Data},
,{Reload previous [ %TIMESTAMP% ]},
,{Previous : No Data},
,{SAVED GAME DATA},
,{Remove HUD : On},
,{Remove HUD : Off},
,{Ashes of the %PROCNAME%},
,{Legacy of %PROCNAME%},
,{%PROCNAME% Landmark},
,{Memories of %PROCNAME%},
,{Remnants of %PROCNAME%},
,{The %PROCNAME% Fragment},
,{Ruins of %PROCNAME%},
,{Tribute to %PROCNAME%},
,{Terminal %SERIALNUM%},
,{Site %SERIALNUM%},
,{Outpost %SERIALNUM%},
,{%SERIALNUM% Interface},
,{%PROCNAME% Reflector},
,{%PROCNAME% Station},
,{%PROCNAME% Outlook},
,{%PROCNAME% Tower},
,{%PROCNAME% Relay},
,{%PROCNAME% Antenna},
,{%PROCNAME% Depot},
,{%PROCNAME% Assembly},
,{%PROCNAME% Workshop},
,{Nexus %PROCNAME%},
,{%PROCNAME% Convergence},
,{Derelict},
,{%NOUN% of %PROCNAME%},
,{The %PROCNAME% %VERSION%},
,{Experiment %SERIALNUM%},
,{%PROCNAME% Mark %NUMERAL%},
,{%ADJECTIVE% %PROCNAME%},
,{%SERIALNUM% %ADJECTIVE% %NOUN%},
,{%ADJECTIVE% %NOUN% %NUMERAL%},
,{%ADJECTIVE% %NOUN% %VERSION%},
,{Certain},
,{Comforting},
,{Complete},
,{Defiant},
,{Elevated},
,{Fading},
,{Final},
,{Fleeting},
,{Hidden},
,{Imperfect},
,{Intrepid},
,{Lucid},
,{Mercurial},
,{Obedient},
,{Obscured},
,{Reflex},
,{Rising},
,{Silent},
,{Singular},
,{Stable},
,{Steady},
,{Strange},
,{Subdued},
,{Sublime},
,{Unusual},
,{Vibrant},
,{Vigilant},
,{Vivid},
,{Prayer},
,{Angle},
,{Arc},
,{Aspect},
,{Casting},
,{Clarity},
,{Concept},
,{Form},
,{Gift},
,{Gleam},
,{Gravity},
,{Harmony},
,{Hunter},
,{Impulse},
,{Intuition},
,{Insight},
,{Inspiration},
,{Inversion},
,{Loop},
,{Path},
,{Recoil},
,{Riposte},
,{Retort},
,{Return},
,{Shadow},
,{Surge},
,{Theory},
,{Trace},
,{<IMG>GALAXYSCAN<> Scan Discoveries},
,{SEARCHING ...},
,{%PROCNAME% Galaxy},
,{%PROCNAME% Dimension},
,{%PERCENT% Complete},
,{Complete to Receive %UNITS% Units},
,{Upload and Receive %UNITS% Units},
,{Complete to Receive %UNITS% Nanites},
,{Upload and Receive %UNITS% Nanites},
,{New Discovery},
,{Total Value <STAT>%TOTAL% Units<>},
,{(%UNIT% Units each)},
,{EXTREME},
,{STORM},
,{MOVE AND STACK},
,"{Stack items, split stacks or move to other inventories}",
,{%NAME% REQUIRED},
,{<IMG>PLAYER_RIGHT<> SELECT},
,{Discoveries uploaded. %REWARD% Units received.},
,{Shield},
,{critical},
,{<IMG>GALAXYSCANNXT<> SELECT NEAREST},
,{<IMG>GALAXYSCAN<> ABORT SEARCH},
,{Rejected By Profanity Filter},
,"{Cannot accept this name, it has been rejected by the profanity filter. Please try naming your Discovery again.}",
,{Unredeemed Items},
,"{You have unredeemed items, to claim them please use the options menu.}",
,{(%SLOTS% SLOTS)},
,{Path towards Black Hole},
,{Path towards Atlas Interface},
,{Delete Save Data},
,{Are you sure you want to delete this save data? This action cannot be undone.},
,{Are you sure you wish to report this for moderation?},
,{New Game},
,{Continue Game},
,"{With remove HUD enabled you will not receive any on-screen notifications or warnings about hazards, danger or story events.}",
,{SCREEN BRIGHTNESS},
,{VOLUME},
,{MUSIC},
,{SFX},
,{SENSITIVITY},
,{MOVE/LOOK},
,{FLIGHT},
,{CONTROL SETTINGS},
,{Inverted},
,{Normal},
,{Look/Move Controls: %OPTION%},
,{Flight Controls: %OPTION%},
,{CONTROLLER VIBRATION},
,{On},
,{Off},
,{EXTRAS},
,{View Credits},
,{Redeem Bonus Content},
,{VIEW CONTROLS},
,{View Starship Controls},
,{View On-Foot Controls},
,{Discoveries/Options},
,{Inventories},
,{Jump},
,{Reload},
,{Run},
,{Switch Weapon Mode},
,{Zoom},
,{Show HUD},
,{Swim Up},
,{Swim Down},
,{Melee Attack},
,{Secondary Action},
,{Interact},
,{Scan},
,{Exit Ship},
,{Land Ship},
,{Fire},
,{Boost},
,{Roll Left / Pulse Drive},
,{Roll Right / Pulse Drive},
,{Galactic Map},
,{Look},
,{Move},
,{Turn},
,{Thrust},
,{Brake},
,{Redeem: %ENTITLEMENT%},
,{Redeemed: %ENTITLEMENT%},
,{Photonix Core},
,{Trader Charisma},
,{Boltcaster SM},
,{Rezosu Z65},
,"{10,000 units}",
,{Alpha Vector Ship},
,{Prime Vector Ship},
,{Alpha Vector},
,{Prime Vector},
,{No Free Slots in Exosuit Press <IMG>INVENTORY<> to Discard Items with <IMG>DISCARD<> Transfer using <IMG>TRANSFER<> in Exosuit Inventory},
,{No Free Slots in Multi-Tool Discard items to create space <IMG>INVENTORY<>},
,{No Free Slots in Starship Hold <IMG>DISCARD<> on Items to Discard},
,{No Free Slots in Exocraft Hold <IMG>DISCARD<> on Items to Discard},
,{Press <IMG>RELOAD<> to reload},
,{Boltcaster power depleted <IMG>QUICK_MENU<>},
,{Mining Beam power depleted <IMG>QUICK_MENU<>},
,{Shield power depleted <IMG>QUICK_MENU<>},
,{Press <IMG>MELEE<> to Melee Gather resources when Mining Laser is depleted},
,{Hold <IMG>THRUST<> to take off Press <IMG>EXITSHIP<> to exit},
,{Landing area not clear},
,{Press <IMG>ZOOM<> to zoom},
,{Press <IMG>BOOST<> to boost},
,{%HAZARD% PROTECTION AT %PERCENT%},
,{%HAZARD% PROTECTION OFFLINE},
,{NONE},
,{OXYGEN},
,{SUPPLEMENTARY OXYGEN ENABLED},
,{THERMAL},
,{TOXIC},
,{RADIATION},
,{SHIELD DOWN},
,{CRITICAL DAMAGE TAKEN},
,{Seek shelter from %HAZARD% Restore %TECH% <IMG>INVENTORY<>},
,{No Directional Thrusters installed},
,{Not enough fuel in %TECH%},
,{%TECH% CRITICALLY DAMAGED},
,{Death by Sentinel attack ship.},
,{Death by asteroid collision.},
,{Death by high speed ground-impact.},
,{Death by freighter defence laser system.},
,{Death by ship combat.},
,{Death by Sentinel attack drone.},
,{Death by planetary predator.},
,{Death by mysterious relic.},
,{Death by laser.},
,{Death by catastrophic planetary impact.},
,{Death by radiation.},
,{Death by toxic inhalation.},
,{Death by hypothermia.},
,{Death by oxygen starvation.},
,{Death by heat exposure.},
,{Initialisation...},
,{Recharge %TECH% with %ELEMENT% Press <IMG>INVENTORY<>},
,{Recharge %TECH% with %ELEMENT%},
,{Repair damaged %TECH% <IMG>INVENTORY<>},
,{Gather %ELEMENT% to repair %TECH% Press <IMG>SCAN<> to scan},
,{Death by Sentinel walker.},
,{LIFE SUPPORT POWER - LOW},
,{Death by life support system failure},
,{LIFE SUPPORT SYSTEMS AT %PERCENT%},
,{Press <IMG>LANDSHIP<> to initiate landing},
,{Install new tech in empty slots in your inventory <IMG>INVENTORY<>},
,{Storm interference - Launch procedures unavailable},
,{EXTREME TEMPERATURE %LEVEL%°C},
,{EXTREME TEMPERATURE %LEVEL%°C},
,{EXTREME TOXICITY %LEVEL%},
,{EXTREME RADIATION %LEVEL% Sv},
,{Hold <IMG>BOOST<> to engage boost},
,{Hold <IMG>ROLLLEFT<> and <IMG>ROLLRIGHT<> together to engage pulse jump},
,{EXTREME WATER TEMPERATURE %LEVEL%°C},
,{EXTREME WATER TEMPERATURE %LEVEL%°C},
,{EXTREME WATER TOXICITY %LEVEL%},
,{EXTREME WATER RADIATION %LEVEL% Sv},
,{EXTREME CAVE TEMPERATURE %LEVEL%°C},
,{EXTREME CAVE TEMPERATURE %LEVEL%°C},
,{EXTREME CAVE TOXICITY %LEVEL%},
,{EXTREME CAVE RADIATION %LEVEL% Sv},
,{HIGH ALTITUDE TEMPERATURE %LEVEL%°C},
,{HIGH ALTITUDE TEMPERATURE %LEVEL%°C},
,{HIGH ALTITUDE TOXICITY %LEVEL%},
,{HIGH ALTITUDE RADIATION %LEVEL% Sv},
,{STORM TEMPERATURE %LEVEL%°C},
,{STORM TEMPERATURE %LEVEL%°C},
,{STORM TOXICITY %LEVEL%},
,{STORM RADIATION %LEVEL% Sv},
,{EXTREME NIGHT TEMPERATURE %LEVEL%°C},
,{EXTREME NIGHT TEMPERATURE %LEVEL%°C},
,{EXTREME NIGHT TOXICITY %LEVEL%},
,{EXTREME NIGHT RADIATION %LEVEL% Sv},
,{Switch Multi-tool mode by pressing <IMG>CYCLEWEAPON<> Fire Mining Laser with <IMG>ATTACK<>},
,{Switch Multi-tool mode by pressing <IMG>CYCLEWEAPON<>},
,{Launch Grenades with <IMG>ALTATTACK<>},
,{Press <IMG>SCAN<> to activate Pulse Scan},
,{Scan for subterranean elements by pressing <IMG>SCAN<>},
,{Use %TECH% by holding <IMG>AIM<> Zoom in by pressing <IMG>ZOOM<>},
,{Switch Weapon Mode by pressing <IMG>SHIPCYCLEWEAPON<> Fire Weapons with <IMG>SHIPFIRE<>},
,{LIFE SUPPORT SYSTEMS CRITICAL},
,{Initiating landing sequence},
,{Craft %PRODUCT% in Inventory Press <IMG>INVENTORY<> then <IMG>PRODMENU<> on empty slot},
,{UNUSED},
,{UNUSED},
,{Press <IMG>INVENTORY<> and press <IMG>TECHMENU<> on empty slot},
,{Press <IMG>INVENTORY<> and then hold <IMG>REPAIR<> to Repair},
,{Collect %AMOUNT%},
,{Collect %AMOUNT1% and %AMOUNT2%},
,{<TITLE>Build %TECH%<>},
,{<TITLE>Repair %TECH%<>},
,{%AMOUNT% more %SUBSTANCE%},
,{RADIATION LEVELS CRITICAL},
,{TOXICITY LEVELS CRITICAL},
,{EXTREME COLD CRITICAL},
,{OXYGEN LEVELS CRITICAL},
,{EXTREME HEAT CRITICAL},
,{RADIATION DAMAGE},
,{TOXIC DAMAGE},
,{EXTREME COLD DAMAGE},
,{EXTREME HEAT DAMAGE},
,{LIFE SUPPORT OFFLINE},
,{Death from deadly plant toxins},
,{Craft %PRODUCT% in Inventory <IMG>INVENTORY<> Press <IMG>PRODMENU<> on Empty Slot},
,{You need %AMOUNT% to craft %PRODUCT%},
,{You need %AMOUNT1% and %AMOUNT2% to craft %PRODUCT%},
,{%TECH% Jammed Destroy Attack Ships <IMG>ATTACK<>},
,{%TECH% Jammed Too close to Planet Atmosphere},
,{%TECH% Jammed Too close to Space Station},
,{%TECH% Jammed Interference from Freighter Ships},
,{ATTACK SHIPS DEFEATED},
,{ATTACK SHIPS DEFEATED},
,{Refuel %TECH% with %AMOUNT%},
,{%FUEL1% or %FUEL2%},
,"{%FUEL1%, %FUEL2% or %FUEL3%}",
,{<COMMODITY>Oxide<> <IMG>COMMODITY<> elements},
,{<TECHNOLOGY>Silicate<> <IMG>TECHNOLOGY<> elements},
,{<FUEL>Isotope<> <IMG>FUEL<> elements},
,{<TRADE>Neutral<> <IMG>Tradeable<> elements},
,{Oxide elements},
,{Silicate elements},
,{Isotope elements},
,{Neutral elements},
,{TEMPERATURE LEVELS RECOVERING},
,{TEMPERATURE LEVELS RECOVERING},
,{TOXICITY LEVELS RECOVERING},
,{RADIATION LEVELS RECOVERING},
,{OXYGEN SUPPLY REPLENISHED},
,{TEMPERATURE LEVELS STABILISING},
,{TEMPERATURE LEVELS STABILISING},
,{TOXICITY LEVELS STABILISING},
,{RADIATION LEVELS STABILISING},
,{Press <IMG>SCAN<> to scan locally},
,{Gather %SUBSTANCE% from the Terrain Press <IMG>SCAN<> to scan},
,{New <STAT>Planet<> discovered Press <IMG>OPTIONS<> to <STAT>Upload<> and <STAT>Rename<>},
,{New <STAT>Creature<> discovered Press <IMG>OPTIONS<> to <STAT>Upload<> and <STAT>Rename<>},
,{New <STAT>Waypoint<> discovered Press <IMG>OPTIONS<> to <STAT>Upload<> and <STAT>Rename<>},
,{DEATH EVENT <IMG>SLASH<> ITERATION RESET},
,{Dying may <FUEL>damage<> installed technology Return to death location to recover Inventory},
,{Hold <IMG>SHIPFIRE<> to mine asteroids for %SUBSTANCE%},
,{<TITLE>Activate Hyperdrive<> Open Galactic Map in Space by using the Quick Menu You can access the Quick Menu using <IMG>QUICK_MENU<>},
,{%TITLE% Purchase %PRODUCT% at Terminals Trade at Space Stations and Outposts},
,{Exhausted Wait for Stamina to Recharge},
,{Jetpack Depleted Wait for Jetpack to Recharge},
,{<TITLE>Analyse and Upload Discoveries<> Hold <IMG>AIM<> to use Analyser Target and track a creature to analyse},
,{Gather %AMOUNT% to repair %TECH%},
,{Gather %AMOUNT1% and %AMOUNT2% to repair %TECH%},
,{Gather %AMOUNT% to build %TECH%},
,{Gather %AMOUNT1% and %AMOUNT2% to build %TECH%},
,{<TITLE>Leave Planet<> Find your crashed Starship Hold <IMG>INTERACT<> to Interact},
,{<TITLE>Leave Planet<> Repair Launch Thrusters <IMG>NOTICK<> Repair Pulse Engine <IMG>NOTICK<> Refuel Launch Thrusters <IMG>NOTICK<>},
,{<TITLE>Repair Starship Launch Thrusters<>},
,{<TITLE>Repair Starship Pulse Engine<>},
,{<TITLE>Repair Starship Launch Thrusters<> Use <IMG>ATTACK<> to gather minerals <COMMODITY>Iron<> is found in small rocks},
,{Craft %AMOUNT% in Inventory},
,{<TITLE>Leave Planet<> Repair Launch Thrusters <IMG>TICK<> Repair Pulse Engine <IMG>NOTICK<> Refuel Launch Thrusters <IMG>NOTICK<>},
,{<TITLE>Repair Starship Pulse Engine<> Repair Scanner to search for Terrain Elements},
,{<TITLE>Repair Starship Pulse Engine<> Repair Scanner to search for Terrain Elements},
,{<TITLE>Repair Scanner<>},
,{<TITLE>Leave Planet<> Repair Launch Thrusters <IMG>TICK<> Repair Pulse Engine <IMG>TICK<> Refuel Launch Thrusters <IMG>NOTICK<>},
,{Craft %PRODUCT%},
,{<TITLE>Fuel Launch Thrusters<>},
,{<TITLE>Fuel Launch Thrusters<> Return to your Starship Press <IMG>INVENTORY<> and open Charge Window with <IMG>REPAIR<>},
,{<TITLE>Leave Planet<> Board Starship for take off},
,"{<TITLE>Leave Planet<> Fly Starship into Space, Hold <IMG>THRUST<> to Accelerate Fly up using <IMG>SHIPCAMERA<> to Exit Atmosphere}",
,{<TITLE>Leave Planet<> Repair Launch Thrusters <IMG>TICK<> Repair Pulse Engine <IMG>TICK<> Refuel Launch Thrusters <IMG>TICK<>},
,{<TITLE>Leave Star System<> Acquire Hyperdrive Technology <IMG>NOTICK<> Build Hyperdrive <IMG>NOTICK<> Fuel Hyperdrive <IMG>NOTICK<>},
,{<TITLE>Leave Star System<> Acquire Hyperdrive Technology <IMG>TICK<> Build Hyperdrive <IMG>NOTICK<> Fuel Hyperdrive <IMG>NOTICK<>},
,{<TITLE>Build Hyperdrive<> Get Dynamic Resonator from Space Station},
,{<TITLE>Build Hyperdrive<> Buy Dynamic Resonator from Station Terminal},
,{<TITLE>Leave Star System<> Acquire Hyperdrive Technology <IMG>TICK<> Build Hyperdrive <IMG>TICK<> Fuel Hyperdrive <IMG>NOTICK<>},
,{<TITLE>Fuel Hyperdrive<> Acquire some Antimatter},
,{<TITLE>Fuel Hyperdrive<>},
,{<TITLE>Fuel Hyperdrive<> Return to your Starship Press <IMG>INVENTORY<> and open Charge Window with <IMG>REPAIR<>},
,{<TITLE>Leave Star System<> Acquire Hyperdrive Technology <IMG>TICK<> Build Hyperdrive <IMG>TICK<> Fuel Hyperdrive <IMG>TICK<>},
,{Repair Scanner to scan locally},
,{<TITLE>Find Planetary Elements<> Press <IMG>SCAN<> to scan locally},
,{Return to your Starship},
,{<TITLE>Incoming Signal<> Beacon transmission detected},
,{<TITLE>Incoming Signal<> Activate Beacon Hold <IMG>INTERACT<> to Interact},
,{INCOMING SIGNAL DETECTED},
,{<TITLE>Radio Signal Detected<> Find source of lifesigns},
,{<TITLE>Radio Signal Detected<> Find source of lifesigns},
,{<TITLE>Build Hyperdrive<> Return to your Starship Travel to Space Station},
,{<TITLE>Build Hyperdrive<> Travel to Space Station},
,{<TITLE>Build Hyperdrive<> Buy Dynamic Resonator from Galactic Trade Terminal},
,{<TITLE>Earning Units<> Sell <TRADE>valuable elements<> <IMG>TRADEABLE<> and <RARE>rare items<> at Galactic Trade Terminals},
,{<TITLE>Repair Analysis Visor<>},
,{<TITLE>Analyse and Upload Discoveries<> Upload analysed Creature Data in <IMG>OPTIONS<> menu},
,{BEACON SIGNAL DETECTED},
,{<TITLE>Communication Received<> Follow Signal to return to Lifeform},
,{<TITLE>Communication Received<> Interact with Lifeform},
,{<TITLE>Analyse and Upload Discoveries<> Repair Analysis Visor <IMG>NOTICK<> Analyse Objects <IMG>NOTICK<> Upload Discoveries <IMG>NOTICK<>},
,{<TITLE>Craft more Warp Cells for Hyperdrive<> Acquire Antimatter Formula <IMG>NOTICK<> Craft Antimatter <IMG>NOTICK<> Craft Warp Cells <IMG>NOTICK<>},
,{<TITLE>Abandoned Facility Detected<> Manufacturing Facilities contain new Crafting Formulas},
,{<TITLE>Abandoned Manufacturing Facility<> Break through reinforced doors to enter},
,{<TITLE>Access Facility Terminal<> Deactivate Alarm and acquire Crafting Formula},
,{<TITLE>Craft more Warp Cells for Hyperdrive<> Acquire Antimatter Formula <IMG>TICK<> Craft Antimatter <IMG>NOTICK<> Craft Warp Cells <IMG>NOTICK<>},
,{<TITLE>Craft more Warp Cells for Hyperdrive<>},
,{<TITLE>Craft more Warp Cells for Hyperdrive<> Acquire Antimatter Formula <IMG>TICK<> Craft Antimatter <IMG>TICK<> Craft Warp Cells <IMG>NOTICK<>},
,{<TITLE>Craft more Warp Cells for Hyperdrive<> Acquire Antimatter Formula <IMG>TICK<> Craft Antimatter <IMG>TICK<> Craft Warp Cells <IMG>TICK<>},
,{<TITLE>Attack Ships<> Protect your Cargo Attack Ships remaining: <FUEL>%AMOUNT%<>},
,{<TITLE>Attack Ships<> Rescue Cargo Freighters Attack Ships remaining: <FUEL>%AMOUNT%<>},
,{<TITLE>Craft Antimatter<> Base Ingredient <COMMODITY>Suspension Fluid<> can be bought from Galactic Trade Terminals},
,{<TITLE>Craft Antimatter<>},
,"{You need %AMOUNT1%, %AMOUNT2% and %AMOUNT3% to craft %PRODUCT%}",
,{Press <IMG>EXITSHIP<> to exit},
,{INSUFFICIENT UNITS},
,{<TITLE>Signal Booster<> Find and activate the <TRADEABLE>Signal Booster<> to locate areas of interest},
,{<TITLE>Signal Booster<> Interact with <IMG>INTERACT<>},
,{<TITLE>Upgrade Exosuit Inventory<> Follow signal to find the Drop Pod},
,{<TITLE>Upgrade Exosuit Inventory<> Interact <IMG>INTERACT<> with Drop Pod to increase Suit Inventory},
,{SIGNAL BOOSTER DETECTED},
,{<TITLE>Abandoned Manufacturing Facility<> Install Boltcaster in Multi-Tool to break through reinforced doors},
,{Technology successfully installed},
,{Technology blueprint successfully pinned Press <IMG>PIN<> in build menu to change active blueprint},
,{Product formula successfully pinned Press <IMG>PIN<> in build menu to change active formula},
,{Craft in your Inventory <IMG>INVENTORY<>},
,{Buy from Galactic Trade Terminals},
,{<TITLE>The Atlas<> Find us. Hear us.},
,{<TITLE>The Atlas<> Come closer. Hear our words. Press <IMG>INTERACT<> to Commune with Monolith},
,{<TITLE>The Atlas<> Ascend to the stars},
,{<TITLE>The Atlas<> Your Destiny lies in the Beyond Press <IMG>QUICK_MENU<> to open Galactic Map},
,{<TITLE>The Atlas<> You are free. The centre of the Galaxy awaits you. It will always await you. It always has.},
,{Accomplished},
,{Starship Repair},
,{Starship Launch},
,{Enable Galactic Travel},
,{Use Jetpack to climb Hold <IMG>JUMP<> to activate},
,{<TITLE>The Atlas<> Gain a higher journey milestone level to unite with the Atlas},
,{Press <IMG>RELOAD<> to reload weapon},
,{Press <IMG>CYCLEWEAPON<> to switch between Mining Laser and Boltcaster},
,{Teleport items from Exosuit to Starship at any time Press <IMG>TRANSFER<> in your Inventory <IMG>INVENTORY<>},
,{All changes will be reverted},
,{<TITLE>Starship Scanner<> Press <IMG>SHIPSCAN<> to activate a star system scan},
,{Fugitive Attack Ship // Mostly Harmless Bounty %AMOUNT% Units},
,{Fugitive Attack Ship // Dangerous Bounty %AMOUNT% Units},
,{Fugitive Attack Ship // Elite Bounty %AMOUNT% Units},
,{<TITLE>Attack Ship Fugitive<> Destroy Attack Ship,
,,
,{Attack Ships Defeated},
,{New Discovery},
,{New Discovery Record Creature Species <IMG>TICK<> Found <DISC_STAT>%AMOUNT%<> of <DISC_STAT>%TOTAL%<>},
,{Creature Belongs To Already Discovered Species <DISC_STAT>%AMOUNT%<> Species Left},
,{Species Records Complete All Unique Creature Species Discovered},
,{<FUEL>High Security Planet<> Endangered resources likely Sentinels will attack on sight},
,{Too high to initiate landing},
,{LIFESIGNS DETECTED},
,{<COMMODITY>Hazardous Climate<> Endangered resources likely Environmental protection is essential},
,{<TITLE>Explore<> Go explore the galaxy},
,{<TITLE>Space Anomaly<> Anomalous signal detected},
,{<TITLE>Space Anomaly<> Interact with the lifeform},
,{Local distress signal issued},
,{SPACE ANOMALY},
,{<TITLE>Fuel Hyperdrive<> Buy Antimatter from Station Terminal},
,{<TITLE>Fuel Hyperdrive<> Return to your Starship Travel to Space Station},
,{<TITLE>Fuel Hyperdrive<> Travel to Space Station},
,{<TITLE>Fuel Hyperdrive<> Buy Antimatter from Galactic Trade Terminal},
,{<FUEL>Low Atmosphere Planet<> Plentiful resources likely Elevated strain on life support systems},
,{The Hole In The Sky},
,{THE HOLE IN THE SKY},
,{Toggle the <STELLAR>Torch<> from the Quick Menu (<IMG>QUICK_MENU<>) Select the Torch from <TECHNOLOGY>Utilities<>},
,{<TITLE>Dog fighting<> Brake to turn faster Center crosshair to perform critical hits},
,{<TITLE>Sentinels<> Destroy drones before they alert others Or avoid detection to escape},
,{%AMOUNT% %RESOURCE% COLLECTED},
,{INVENTORY FULL},
,{Inventory Full},
,{%AMOUNT% Units have been credited to your account},
,{Vy'keen},
,{Korvax},
,{Gek},
,{Sentinel},
,{Atlas},
,{Unknown},
,{Restore point saved},
,{%AMOUNT% %RESOURCE% COLLECTED},
,{Nothing found},
,{%RECIPE% Formula learned},
,{%RECIPE% Blueprint learned},
,{You learned the word '%WORD%'},
,{Your standing with the %RACE% has increased},
,{Your standing with the %RACE% has decreased},
,{Learned nothing new},
,{AS YOU SLEEP YOU ARE RESTORED BY A STRANGE POWER},
,{THE STRANGER SEEMS PLEASED},
,{THE STRANGER SEEMS ANGRY},
,{THE STRANGER DOESN'T REACT},
,{THE STRANGER SEEMS TO PITY YOU},
,{Search},
,{Sell for %AMOUNT% units},
,{SELL},
,{Sell items in your exosuit inventory},
,{Sell items in your starship inventory},
,{Accessing Atlas traveller link. Remote inventory sync initialized. Standing by for user request...},
,{Waypoint},
,{Save},
,{Call starship},
,{Word},
,{Tech},
,{Jettison Pod},
,{Health Restorative},
,{Cargo Drop},
,{Cube},
,{Rare Cube},
,{Debris},
,{Door},
,{Mineral Shard},
,{Depot},
,{Damaged Machinery},
,{Alien Artifact},
,{Waypoint},
,{Flora},
,{%SYSTEM% STATION},
,{Your Grave},
,{Retrieve your previous inventory},
,{Your health levels rise},
,{Your shielding increases},
,{Your hazard protection increases},
,{Your Exosuit temperature rises},
,{Your radiation level drops},